"","per_game.Season","per_game.Age","per_game.Tm","per_game.Lg","per_game.Pos","per_game.G","per_game.GS","per_game.MP","per_game.FG","per_game.FGA","per_game.FG.","per_game.3P","per_game.3PA","per_game.3P.","per_game.2P","per_game.2PA","per_game.2P.","per_game.eFG.","per_game.FT","per_game.FTA","per_game.FT.","per_game.ORB","per_game.DRB","per_game.TRB","per_game.AST","per_game.STL","per_game.BLK","per_game.TOV","per_game.PF","per_game.PTS","player_id"
"1","2006-07","21","POR","NBA","C","63","22","22.1","3.8","7.6",".503","0.0","0.0",".000","3.8","7.6",".505",".503","1.3","1.8",".722","2.3","2.7","5.0","0.4","0.3","1.2","0.7","3.0","9.0","aldrila01"
"2","2007-08","22","POR","NBA","PF","76","76","34.9","7.4","15.3",".484","0.0","0.1",".143","7.4","15.2",".486",".484","3.0","3.9",".762","2.9","4.7","7.6","1.6","0.7","1.2","1.7","3.2","17.8","aldrila01"
"3","2008-09","23","POR","NBA","PF","81","81","37.1","7.4","15.3",".484","0.1","0.3",".250","7.3","15.0",".489",".486","3.2","4.1",".781","2.9","4.6","7.5","1.9","1.0","1.0","1.5","2.6","18.1","aldrila01"
"4","2009-10","24","POR","NBA","PF","78","78","37.5","7.4","15.0",".495","0.1","0.2",".313","7.4","14.8",".498",".497","2.9","3.9",".757","2.5","5.6","8.0","2.1","0.9","0.6","1.3","3.0","17.9","aldrila01"
"5","2010-11","25","POR","NBA","PF","81","81","39.6","8.7","17.5",".500","0.0","0.3",".174","8.7","17.2",".505",".501","4.3","5.5",".791","3.4","5.3","8.8","2.1","1.0","1.2","1.9","2.7","21.8","aldrila01"
"6","2011-12","26","POR","NBA","PF","55","55","36.3","8.8","17.1",".512","0.0","0.2",".182","8.7","16.9",".516",".513","4.1","5.0",".814","2.7","5.3","8.0","2.4","0.9","0.8","2.0","2.8","21.7","aldrila01"
"7","2012-13","27","POR","NBA","PF","74","74","37.7","8.6","17.8",".484","0.0","0.2",".143","8.6","17.6",".488",".485","3.8","4.7",".810","2.4","6.7","9.1","2.6","0.8","1.2","1.9","2.5","21.1","aldrila01"
"8","2013-14","28","POR","NBA","PF","69","69","36.2","9.4","20.6",".458","0.0","0.2",".200","9.4","20.4",".461",".459","4.3","5.2",".822","2.4","8.7","11.1","2.6","0.9","1.0","1.8","2.1","23.2","aldrila01"
"9","2014-15","29","POR","NBA","PF","71","71","35.4","9.3","19.9",".466","0.5","1.5",".352","8.8","18.5",".475",".479","4.3","5.1",".845","2.5","7.7","10.2","1.7","0.7","1.0","1.7","1.8","23.4","aldrila01"
"10","2015-16","30","SAS","NBA","PF","74","74","30.6","7.2","14.1",".513","0.0","0.2",".000","7.2","13.9",".521",".513","3.5","4.1",".858","2.4","6.2","8.5","1.5","0.5","1.1","1.3","2.0","18.0","aldrila01"
"11","2016-17","31","SAS","NBA","PF","44","44","32.3","6.9","14.1",".493","0.4","0.8",".457","6.6","13.3",".495",".506","3.4","4.2",".812","2.2","5.0","7.2","2.3","0.6","1.1","1.4","2.3","17.7","aldrila01"
"12","2011-12","22","PHI","NBA","PF","41","15","15.2","1.9","4.1",".473","0.0","0.0","","1.9","4.1",".473",".473","0.3","0.3",".786","1.1","3.0","4.2","0.8","0.3","0.4","0.5","1.8","4.1","allenla01"
"13","2012-13","23","PHI","NBA","C","79","37","21.1","2.6","5.7",".454","0.0","0.0",".000","2.6","5.7",".455",".454","0.5","0.8",".717","2.0","3.0","5.0","0.9","0.3","0.7","0.7","2.3","5.8","allenla01"
"14","2013-14","24","TOT","NBA","PF","65","2","16.5","2.1","4.6",".447","0.0","0.2",".154","2.0","4.4",".460",".450","0.5","0.8",".660","1.8","3.0","4.8","1.1","0.4","0.5","0.7","1.9","4.7","allenla01"
"15","2013-14","24","PHI","NBA","PF","51","2","18.8","2.3","5.2",".440","0.0","0.3",".154","2.3","5.0",".455",".444","0.5","0.8",".675","2.1","3.4","5.4","1.3","0.4","0.5","0.8","2.3","5.2","allenla01"
"16","2013-14","24","IND","NBA","PF","14","0","8.0","1.2","2.4",".500","0.0","0.0","","1.2","2.4",".500",".500","0.4","0.7",".600","0.9","1.5","2.4","0.4","0.1","0.4","0.3","0.8","2.9","allenla01"
"17","2014-15","25","IND","NBA","C","63","0","17.0","2.2","4.7",".472","0.0","0.0","","2.2","4.7",".472",".472","0.5","0.7",".702","2.0","3.2","5.1","1.2","0.2","0.7","0.6","1.6","5.0","allenla01"
"18","2015-16","26","IND","NBA","PF","79","28","20.2","2.4","4.7",".516","0.0","0.0","","2.4","4.7",".516",".516","0.6","0.9",".630","2.1","3.3","5.4","1.0","0.3","0.5","0.9","1.9","5.4","allenla01"
"19","2016-17","27","IND","NBA","PF","35","0","12.0","0.7","2.0",".377","0.0","0.0",".000","0.7","1.9",".382",".377","0.2","0.2",".750","0.9","1.4","2.4","0.9","0.3","0.3","0.3","1.1","1.7","allenla01"
"20","2001-02","23","DEN","NBA","C","24","1","10.9","1.0","3.1",".338","0.0","0.2",".000","1.0","2.9",".357",".338","0.9","1.2",".786","1.6","1.6","3.2","0.3","0.3","1.2","0.5","1.5","3.0","anderch01"
"21","2002-03","24","DEN","NBA","C","59","3","15.4","1.9","4.8",".400","0.0","0.0",".000","1.9","4.8",".401",".400","1.3","2.4",".550","1.8","2.8","4.6","0.5","0.5","1.0","1.0","1.5","5.2","anderch01"
"22","2003-04","25","DEN","NBA","PF","71","0","14.5","1.3","2.9",".443","0.0","0.0",".000","1.3","2.8",".446",".443","0.9","1.5",".589","1.3","2.9","4.2","0.5","0.5","1.6","0.7","1.7","3.4","anderch01"
"23","2004-05","26","NOH","NBA","C","67","2","21.3","2.9","5.3",".534","0.0","0.0",".000","2.9","5.3",".538",".534","2.0","2.8",".689","2.0","4.1","6.1","1.1","0.2","1.5","1.0","2.1","7.7","anderch01"
"24","2005-06","27","NOK","NBA","C","32","2","17.8","1.8","3.1",".571","0.0","0.0","","1.8","3.1",".571",".571","1.5","3.2",".476","1.9","2.9","4.8","0.2","0.3","1.3","0.8","2.6","5.0","anderch01"
"25","2006-07","28","Did Not Play (suspended—substance abuse)",NA,NA,NA,NA,NA,NA,NA,NA,NA,NA,NA,NA,NA,NA,NA,NA,NA,NA,NA,NA,NA,NA,NA,NA,NA,NA,NA,"anderch01"
"26","2007-08","29","NOH","NBA","C","5","0","6.8","0.4","1.4",".286","0.0","0.0","","0.4","1.4",".286",".286","0.4","0.8",".500","0.4","1.4","1.8","0.0","0.0","0.8","0.2","1.2","1.2","anderch01"
"27","2008-09","30","DEN","NBA","C","71","1","20.6","2.3","4.1",".548","0.0","0.1",".200","2.2","4.0",".560",".551","1.8","2.5",".718","2.3","3.9","6.2","0.4","0.6","2.5","1.0","2.5","6.4","anderch01"
"28","2009-10","31","DEN","NBA","PF","76","0","22.3","1.9","3.3",".566","0.0","0.0",".000","1.9","3.3",".573",".566","2.2","3.1",".695","1.9","4.4","6.4","0.4","0.6","1.9","0.8","2.3","5.9","anderch01"
"29","2010-11","32","DEN","NBA","C","45","0","16.3","1.8","3.0",".599","0.0","0.0",".000","1.8","3.0",".603",".599","1.9","3.0",".637","1.7","3.2","4.9","0.4","0.5","1.3","0.6","1.8","5.6","anderch01"
"30","2011-12","33","DEN","NBA","C","32","1","15.2","1.8","3.4",".546","0.0","0.0","","1.8","3.4",".546",".546","1.6","2.6",".610","1.5","3.1","4.6","0.2","0.6","1.4","0.5","1.6","5.3","anderch01"
"31","2012-13","34","MIA","NBA","C","42","0","14.9","1.7","2.9",".577","0.0","0.1",".667","1.6","2.9",".575",".585","1.5","2.2",".677","1.4","2.7","4.1","0.4","0.4","1.0","0.6","2.1","4.9","anderch01"
"32","2013-14","35","MIA","NBA","C","72","0","19.4","2.5","3.8",".644","0.0","0.2",".250","2.4","3.7",".662",".649","1.7","2.3",".710","1.8","3.5","5.3","0.3","0.4","1.3","0.7","2.3","6.6","anderch01"
"33","2014-15","36","MIA","NBA","C","60","20","18.9","2.0","3.5",".580","0.1","0.2",".308","1.9","3.2",".598",".589","1.3","1.9",".667","1.3","3.7","5.0","0.7","0.4","1.0","0.7","1.5","5.3","anderch01"
"34","2015-16","37","TOT","NBA","C","27","15","14.9","1.4","2.7",".528","0.1","0.5",".286","1.3","2.1",".586",".556","0.9","1.3",".694","1.3","2.3","3.6","0.4","0.6","0.5","0.3","1.1","3.9","anderch01"
"35","2015-16","37","MIA","NBA","C","7","1","5.1","0.6","1.4",".400","0.3","0.7",".400","0.3","0.7",".400",".500","0.4","0.6",".750","0.4","0.9","1.3","0.4","0.1","0.4","0.3","0.6","1.9","anderch01"
"36","2015-16","37","MEM","NBA","C","20","14","18.3","1.7","3.1",".548","0.1","0.5",".222","1.6","2.7",".604",".565","1.1","1.6",".688","1.7","2.8","4.5","0.5","0.7","0.5","0.4","1.3","4.6","anderch01"
"37","2016-17","38","CLE","NBA","C","12","0","9.5","0.8","1.8",".409","0.0","0.3",".000","0.8","1.6",".474",".409","0.8","1.2",".714","0.8","1.8","2.6","0.4","0.4","0.6","0.4","1.7","2.3","anderch01"
"38","2011-12","19","CHA","NBA","C","63","41","23.1","2.0","4.4",".464","0.0","0.0","","2.0","4.4",".464",".464","1.1","2.3",".483","1.8","4.0","5.8","0.4","0.3","1.8","1.1","2.3","5.2","biyombi01"
"39","2012-13","20","CHA","NBA","C","80","65","27.3","2.0","4.3",".451","0.0","0.0","","2.0","4.3",".451",".451","0.9","1.8",".521","2.4","4.9","7.3","0.4","0.4","1.8","1.0","2.4","4.8","biyombi01"
"40","2013-14","21","CHA","NBA","C","77","9","13.9","1.1","1.9",".611","0.0","0.0","","1.1","1.9",".611",".611","0.6","1.2",".517","1.4","3.4","4.8","0.1","0.1","1.1","0.5","1.6","2.9","biyombi01"
"41","2014-15","22","CHO","NBA","C","64","21","19.4","1.6","2.9",".543","0.0","0.0","","1.6","2.9",".543",".543","1.6","2.7",".583","2.5","3.9","6.4","0.3","0.3","1.5","0.8","2.2","4.8","biyombi01"
"42","2015-16","23","TOR","NBA","C","82","22","22.0","1.9","3.5",".542","0.0","0.0",".000","1.9","3.5",".544",".542","1.7","2.8",".628","2.2","5.8","8.0","0.4","0.2","1.6","0.9","2.7","5.5","biyombi01"
"43","2016-17","24","ORL","NBA","C","49","23","24.1","2.3","4.4",".530","0.0","0.0","","2.3","4.4",".530",".530","1.5","3.1",".474","2.0","5.6","7.6","1.0","0.3","1.3","1.2","2.3","6.2","biyombi01"
"44","2014-15","23","TOT","NBA","C","63","39","19.0","2.5","4.3",".575","0.0","0.0",".000","2.5","4.3",".577",".575","1.0","1.9",".551","2.3","3.6","5.8","0.7","0.3","0.4","0.8","2.5","6.0","blackta01"
"45","2014-15","23","HOU","NBA","C","25","12","15.7","1.8","3.3",".542","0.0","0.0",".000","1.8","3.3",".549",".542","0.6","1.2",".517","2.3","2.8","5.1","0.3","0.2","0.1","0.8","2.2","4.2","blackta01"
"46","2014-15","23","LAL","NBA","C","38","27","21.1","2.9","5.0",".589","0.0","0.0","","2.9","5.0",".589",".589","1.3","2.3",".562","2.2","4.1","6.3","0.9","0.3","0.6","0.8","2.7","7.2","blackta01"
"47","2015-16","24","LAL","NBA","C","39","0","12.7","1.5","2.7",".548","0.0","0.0","","1.5","2.7",".548",".548","0.5","1.2",".422","1.1","2.9","4.0","0.4","0.4","0.5","0.6","2.0","3.4","blackta01"
"48","2016-17","25","LAL","NBA","C","39","2","15.8","2.2","4.3",".512","0.0","0.0",".000","2.2","4.3",".515",".512","1.4","1.8",".750","2.2","3.0","5.2","0.6","0.4","0.5","0.7","2.6","5.8","blackta01"
"49","2014-15","20","HOU","NBA","C","12","0","7.5","1.2","2.4",".483","0.0","0.0","","1.2","2.4",".483",".483","0.3","1.9",".174","0.8","2.2","3.0","0.2","0.1","0.8","0.4","1.2","2.7","capelca01"
"50","2015-16","21","HOU","NBA","C","77","35","19.1","3.0","5.2",".582","0.0","0.0",".000","3.0","5.1",".583",".582","1.0","2.7",".379","2.5","3.9","6.4","0.6","0.8","1.2","0.8","2.5","7.0","capelca01"
"51","2016-17","22","HOU","NBA","C","37","32","22.9","5.2","8.4",".625","0.0","0.0","","5.2","8.4",".625",".625","1.2","2.5",".484","2.4","5.2","7.5","0.9","0.4","1.4","1.2","2.6","11.6","capelca01"
"52","2015-16","22","SAC","NBA","C","66","39","21.4","2.9","5.1",".563","0.0","0.0",".000","2.9","5.1",".567",".563","1.2","1.9",".648","2.0","3.3","5.3","0.6","0.7","1.0","0.7","2.2","7.0","caulewi01"
"53","2016-17","23","SAC","NBA","C","42","0","12.2","2.2","3.9",".567","0.0","0.0",".000","2.2","3.9",".574",".567","0.7","1.2",".549","1.0","1.5","2.5","0.4","0.4","0.5","0.5","1.8","5.1","caulewi01"
"54","2010-11","20","SAC","NBA","C","81","62","28.5","5.3","12.4",".430","0.0","0.2",".167","5.3","12.2",".435",".432","3.4","5.0",".687","2.7","6.0","8.6","2.5","1.0","0.8","3.3","4.1","14.1","couside01"
"55","2011-12","21","SAC","NBA","C","64","62","30.5","7.0","15.6",".448","0.0","0.2",".143","7.0","15.4",".453",".449","4.1","5.8",".702","4.1","6.8","11.0","1.6","1.5","1.2","2.7","4.0","18.1","couside01"
"56","2012-13","22","SAC","NBA","C","75","74","30.5","6.4","13.8",".465","0.1","0.3",".182","6.4","13.5",".471",".467","4.2","5.6",".738","3.0","7.0","9.9","2.7","1.4","0.7","3.0","3.6","17.1","couside01"
"57","2013-14","23","SAC","NBA","C","71","71","32.4","8.3","16.8",".496","0.0","0.1",".000","8.3","16.7",".499",".496","6.1","8.4",".726","3.1","8.6","11.7","2.9","1.5","1.3","3.5","3.8","22.7","couside01"
"58","2014-15","24","SAC","NBA","C","59","59","34.1","8.4","18.1",".467","0.0","0.1",".250","8.4","17.9",".469",".468","7.2","9.2",".782","3.1","9.5","12.7","3.6","1.5","1.7","4.3","4.1","24.1","couside01"
"59","2015-16","25","SAC","NBA","C","65","65","34.6","9.2","20.5",".451","1.1","3.2",".333","8.2","17.3",".473",".477","7.3","10.2",".718","2.4","9.1","11.5","3.3","1.6","1.4","3.8","3.6","26.9","couside01"
"60","2016-17","26","SAC","NBA","C","48","48","34.4","9.4","20.6",".454","1.8","4.7",".373","7.6","15.9",".478",".497","7.7","10.0",".775","2.1","8.4","10.5","4.4","1.4","1.4","3.5","3.7","28.2","couside01"
"61","2016-17","20","MEM","NBA","C","24","0","7.4","0.8","1.5",".541","0.0","0.0","","0.8","1.5",".541",".541","0.3","0.5",".615","0.7","1.4","2.0","0.1","0.0","0.5","0.3","1.3","2.0","davisde01"
"62","2003-04","21","ATL","NBA","SG","76","37","25.3","1.8","4.1",".447","0.1","0.3",".231","1.8","3.8",".467",".457","0.7","1.2",".602","1.5","3.0","4.5","2.4","0.8","0.5","1.7","2.5","4.5","diawbo01"
"63","2004-05","22","ATL","NBA","SG","66","25","18.2","1.9","4.5",".422","0.1","0.8",".180","1.7","3.7",".471",".437","0.9","1.2",".740","0.8","1.8","2.6","2.3","0.6","0.3","1.3","1.9","4.8","diawbo01"
"64","2005-06","23","PHO","NBA","PF","81","70","35.5","5.5","10.5",".526","0.1","0.4",".267","5.4","10.2",".536",".531","2.1","2.9",".731","2.0","4.9","6.9","6.2","0.7","1.0","2.3","3.2","13.3","diawbo01"
"65","2006-07","24","PHO","NBA","PF","73","59","31.1","4.2","7.8",".538","0.2","0.6",".333","4.0","7.2",".555",".551","1.1","1.6",".683","1.2","3.1","4.3","4.8","0.4","0.5","2.1","2.4","9.7","diawbo01"
"66","2007-08","25","PHO","NBA","PF","82","19","28.1","3.8","7.9",".477","0.2","0.5",".317","3.6","7.4",".488",".487","1.2","1.6",".744","1.2","3.4","4.6","3.9","0.7","0.5","1.9","2.0","8.8","diawbo01"
"67","2008-09","26","TOT","NBA","PF","81","59","34.0","5.5","10.9",".507","0.9","2.2",".414","4.6","8.7",".531",".549","1.2","1.8",".687","1.5","3.9","5.3","4.1","0.8","0.7","2.7","2.5","13.2","diawbo01"
"68","2008-09","26","PHO","NBA","PF","22","0","24.5","3.6","6.4",".567","0.2","0.6",".357","3.4","5.8",".591",".585","0.8","1.2",".692","1.1","2.7","3.8","2.1","0.5","0.4","1.7","1.8","8.3","diawbo01"
"69","2008-09","26","CHA","NBA","PF","59","59","37.6","6.2","12.6",".495","1.2","2.8",".419","5.1","9.8",".517",".542","1.4","2.1",".686","1.6","4.3","5.9","4.9","0.8","0.7","3.0","2.8","15.1","diawbo01"
"70","2009-10","27","CHA","NBA","PF","82","82","35.4","4.5","9.4",".483","0.8","2.5",".320","3.7","6.9",".541",".525","1.4","1.8",".769","1.6","3.6","5.2","4.0","0.7","0.7","2.2","2.7","11.3","diawbo01"
"71","2010-11","28","CHA","NBA","PF","82","82","33.9","4.6","9.4",".492","1.0","2.8",".345","3.7","6.7",".553",".543","1.0","1.5",".683","1.3","3.8","5.0","4.1","0.9","0.6","2.0","2.3","11.3","diawbo01"
"72","2011-12","29","TOT","NBA","PF","57","35","25.0","2.7","6.2",".444","0.5","1.7",".313","2.2","4.4",".496",".489","0.4","0.6",".629","1.2","3.7","4.9","3.6","0.6","0.4","2.0","2.2","6.4","diawbo01"
"73","2011-12","29","CHA","NBA","PF","37","28","27.5","3.1","7.6",".410","0.6","2.3",".267","2.5","5.3",".472",".451","0.5","0.7",".630","1.3","4.0","5.3","4.3","0.5","0.5","2.3","1.9","7.4","diawbo01"
"74","2011-12","29","SAS","NBA","PF","20","7","20.3","2.0","3.4",".588","0.4","0.7",".615","1.6","2.8",".582",".647","0.3","0.4",".625","1.2","3.1","4.3","2.4","0.7","0.3","1.4","2.7","4.7","diawbo01"
"75","2012-13","30","SAS","NBA","PF","75","20","22.8","2.4","4.4",".539","0.4","1.0",".385","2.0","3.4",".587",".584","0.6","0.9",".723","0.9","2.5","3.4","2.4","0.7","0.4","1.1","1.9","5.8","diawbo01"
"76","2013-14","31","SAS","NBA","PF","79","24","25.0","3.8","7.3",".521","0.6","1.4",".402","3.3","5.9",".549",".559","0.9","1.2",".739","0.9","3.2","4.1","2.8","0.6","0.4","1.5","1.8","9.1","diawbo01"
"77","2014-15","32","SAS","NBA","PF","81","15","24.5","3.6","7.8",".460","0.7","2.1",".320","2.9","5.7",".512",".503","0.9","1.1",".774","1.0","3.3","4.3","2.9","0.4","0.3","1.6","1.8","8.7","diawbo01"
"78","2015-16","33","SAS","NBA","PF","76","4","18.2","2.7","5.0",".527","0.3","0.9",".362","2.3","4.1",".564",".560","0.7","1.0",".737","0.8","2.3","3.1","2.3","0.3","0.3","1.3","1.3","6.4","diawbo01"
"79","2016-17","34","UTA","NBA","PF","40","19","18.7","2.2","4.8",".458","0.4","1.3",".288","1.8","3.5",".522",".497","0.4","0.5",".833","0.6","1.5","2.0","2.3","0.2","0.1","1.3","1.3","5.1","diawbo01"
"80","2016-17","22","PHI","NBA","C","31","31","25.4","6.5","13.8",".466","1.2","3.2",".367","5.3","10.7",".495",".508","6.2","7.9",".783","2.0","5.8","7.8","2.1","0.9","2.5","3.8","3.6","20.2","embiijo01"
"81","2010-11","19","TOT","NBA","PF","78","27","19.7","2.8","5.3",".517","0.0","0.0","","2.8","5.3",".517",".517","1.3","2.2",".595","2.2","3.1","5.3","0.5","0.4","0.9","1.0","3.2","6.8","favorde01"
"82","2010-11","19","NJN","NBA","PF","56","23","19.5","2.5","4.9",".511","0.0","0.0","","2.5","4.9",".511",".511","1.3","2.1",".612","2.3","3.1","5.3","0.4","0.3","0.7","1.0","3.3","6.3","favorde01"
"83","2010-11","19","UTA","NBA","PF","22","4","20.2","3.4","6.4",".529","0.0","0.0","","3.4","6.4",".529",".529","1.5","2.6",".561","2.0","3.2","5.2","0.8","0.5","1.2","1.0","2.9","8.2","favorde01"
"84","2011-12","20","UTA","NBA","PF","65","9","21.2","3.4","6.8",".499","0.0","0.0","","3.4","6.8",".499",".499","1.9","3.0",".649","2.4","4.1","6.5","0.7","0.6","1.0","1.6","2.2","8.8","favorde01"
"85","2012-13","21","UTA","NBA","PF","77","8","23.2","3.6","7.4",".482","0.0","0.1",".000","3.6","7.3",".487",".482","2.3","3.4",".688","2.4","4.7","7.1","1.0","0.9","1.7","1.7","3.2","9.4","favorde01"
"86","2013-14","22","UTA","NBA","PF","73","73","30.2","5.3","10.2",".522","0.0","0.0",".000","5.3","10.2",".523",".522","2.6","3.9",".669","2.7","6.0","8.7","1.2","1.0","1.5","1.8","3.2","13.3","favorde01"
"87","2014-15","23","UTA","NBA","PF","74","74","30.8","6.5","12.4",".525","0.0","0.1",".167","6.5","12.3",".527",".526","3.0","4.5",".669","2.6","5.6","8.2","1.5","0.8","1.7","1.6","2.8","16.0","favorde01"
"88","2015-16","24","UTA","NBA","PF","62","59","32.0","6.7","13.1",".515","0.0","0.1",".000","6.7","13.0",".518",".515","2.9","4.1",".709","2.7","5.4","8.1","1.5","1.2","1.5","1.7","2.4","16.4","favorde01"
"89","2016-17","25","UTA","NBA","PF","33","26","23.3","3.8","8.3",".455","0.1","0.2",".333","3.7","8.2",".457",".458","1.6","2.6",".635","1.6","4.4","6.0","1.0","0.8","0.9","1.3","2.2","9.3","favorde01"
"90","2015-16","23","CHI","NBA","C","31","4","10.4","1.3","2.3",".556","0.0","0.1",".000","1.3","2.2",".588",".556","0.8","1.1",".714","1.0","2.3","3.3","0.8","0.2","0.4","0.4","1.0","3.4","feliccr01"
"91","2016-17","24","CHI","NBA","C","41","0","15.1","1.8","3.2",".557","0.0","0.0","","1.8","3.2",".557",".557","1.0","1.5",".656","2.2","2.8","5.0","0.6","0.3","0.2","0.5","1.6","4.5","feliccr01"
"92","2005-06","22","NYK","NBA","C","65","14","24.2","4.7","9.8",".477","0.0","0.1",".333","4.6","9.7",".479",".479","2.9","3.5",".825","2.1","3.6","5.8","0.8","0.5","0.7","1.5","3.1","12.3","fryech01"
"93","2006-07","23","NYK","NBA","PF","72","59","26.3","4.1","9.6",".433","0.0","0.3",".167","4.1","9.3",".440",".435","1.2","1.5",".787","1.3","4.2","5.5","0.9","0.5","0.6","1.4","3.0","9.5","fryech01"
"94","2007-08","24","POR","NBA","C","78","20","17.2","2.8","5.8",".488","0.0","0.1",".300","2.8","5.7",".492",".491","1.1","1.4",".780","1.4","3.2","4.5","0.7","0.4","0.3","0.7","2.7","6.8","fryech01"
"95","2008-09","25","POR","NBA","PF","63","1","11.8","1.8","4.2",".423","0.2","0.5",".333","1.6","3.7",".436",".444","0.4","0.6",".722","0.7","1.6","2.2","0.4","0.3","0.3","0.5","1.7","4.2","fryech01"
"96","2009-10","26","PHO","NBA","C","81","41","27.0","3.9","8.7",".451","2.1","4.8",".439","1.8","3.8",".466",".573","1.2","1.5",".810","0.8","4.5","5.3","1.4","0.8","0.9","0.9","3.2","11.2","fryech01"
"97","2010-11","27","PHO","NBA","PF","77","64","33.0","4.6","10.8",".432","2.2","5.7",".390","2.4","5.1",".479",".535","1.2","1.4",".832","0.8","5.8","6.7","1.2","0.6","1.0","0.9","3.5","12.7","fryech01"
"98","2011-12","28","PHO","NBA","PF","64","59","26.1","4.0","9.6",".416","1.4","4.1",".346","2.6","5.5",".469",".490","1.1","1.3",".890","1.1","4.8","5.9","1.4","0.7","1.1","1.0","2.8","10.5","fryech01"
"99","2012-13","29","Did Not Play",NA,NA,NA,NA,NA,NA,NA,NA,NA,NA,NA,NA,NA,NA,NA,NA,NA,NA,NA,NA,NA,NA,NA,NA,NA,NA,NA,"fryech01"
"100","2013-14","30","PHO","NBA","PF","82","82","28.2","4.1","9.5",".432","2.0","5.3",".370","2.1","4.2",".509",".535","1.0","1.2",".821","0.9","4.2","5.1","1.2","0.7","0.8","1.1","3.0","11.1","fryech01"
"101","2014-15","31","ORL","NBA","PF","75","51","24.9","2.5","6.5",".392","1.8","4.6",".393","0.7","1.9",".390",".532","0.4","0.5",".886","0.4","3.5","3.9","1.3","0.6","0.5","1.0","2.5","7.3","fryech01"
"102","2015-16","32","TOT","NBA","PF-C","70","32","17.1","2.2","5.0",".438","1.3","3.4",".387","0.9","1.6",".545",".569","0.4","0.5",".857","0.5","2.8","3.3","1.0","0.4","0.4","0.6","1.8","6.1","fryech01"
"103","2015-16","32","ORL","NBA","PF","44","29","17.1","1.8","4.2",".435","1.1","2.8",".397","0.8","1.5",".508",".565","0.4","0.5",".905","0.5","2.7","3.2","1.0","0.5","0.5","0.7","1.6","5.2","fryech01"
"104","2015-16","32","CLE","NBA","C","26","3","17.2","2.7","6.2",".441","1.7","4.4",".377","1.1","1.8",".596",".575","0.4","0.5",".786","0.5","3.1","3.6","1.0","0.3","0.3","0.5","2.2","7.5","fryech01"
"105","2016-17","33","CLE","NBA","C","40","2","18.5","3.1","7.1",".437","1.9","4.5",".425","1.2","2.6",".456",".572","0.9","1.0",".875","0.6","2.9","3.5","0.6","0.4","0.5","0.7","1.9","9.0","fryech01"
"106","2001-02","21","MEM","NBA","C","82","79","36.7","6.7","13.0",".518","0.0","0.1",".200","6.7","12.9",".519",".518","4.1","5.8",".709","2.9","6.0","8.9","2.7","0.5","2.1","2.7","2.4","17.6","gasolpa01"
"107","2002-03","22","MEM","NBA","PF","82","82","36.0","6.9","13.6",".510","0.0","0.1",".100","6.9","13.5",".514",".510","5.1","6.9",".736","2.3","6.4","8.8","2.8","0.4","1.8","2.6","2.7","19.0","gasolpa01"
"108","2003-04","23","MEM","NBA","PF","78","78","31.5","6.5","13.4",".482","0.1","0.2",".267","6.4","13.3",".485",".484","4.7","6.6",".714","2.6","5.1","7.7","2.5","0.6","1.7","2.4","2.4","17.7","gasolpa01"
"109","2004-05","24","MEM","NBA","PF","56","53","32.0","6.4","12.4",".514","0.0","0.1",".167","6.4","12.3",".517",".514","5.0","6.6",".768","2.3","5.0","7.3","2.4","0.7","1.7","2.4","2.6","17.8","gasolpa01"
"110","2005-06","25","MEM","NBA","PF","80","80","39.2","7.5","14.9",".503","0.0","0.2",".250","7.5","14.8",".505",".504","5.3","7.7",".689","2.4","6.5","8.9","4.6","0.6","1.9","2.9","2.3","20.4","gasolpa01"
"111","2006-07","26","MEM","NBA","C","59","59","36.2","7.8","14.5",".538","0.1","0.2",".273","7.8","14.4",".542",".540","5.1","6.8",".748","2.5","7.3","9.8","3.4","0.5","2.1","2.7","2.3","20.8","gasolpa01"
"112","2007-08","27","TOT","NBA","C","66","66","35.6","7.2","13.5",".534","0.1","0.2",".250","7.1","13.2",".539",".536","4.4","5.5",".807","2.3","6.0","8.4","3.2","0.5","1.5","1.9","2.1","18.9","gasolpa01"
"113","2007-08","27","MEM","NBA","C","39","39","36.7","7.2","14.3",".501","0.1","0.4",".267","7.1","13.9",".507",".504","4.5","5.5",".819","2.4","6.4","8.8","3.0","0.4","1.4","2.1","2.2","18.9","gasolpa01"
"114","2007-08","27","LAL","NBA","C","27","27","34.0","7.3","12.3",".589","0.0","0.0",".000","7.3","12.3",".590",".589","4.3","5.4",".789","2.3","5.6","7.8","3.5","0.5","1.6","1.6","2.0","18.8","gasolpa01"
"115","2008-09","28","LAL","NBA","C","81","81","37.0","7.3","12.9",".567","0.0","0.0",".500","7.3","12.9",".567",".567","4.2","5.4",".781","3.2","6.4","9.6","3.5","0.6","1.0","1.9","2.1","18.9","gasolpa01"
"116","2009-10","29","LAL","NBA","C","65","65","37.0","7.0","13.0",".536","0.0","0.1",".000","7.0","12.9",".539",".536","4.4","5.6",".790","3.7","7.6","11.3","3.4","0.6","1.7","2.2","2.3","18.3","gasolpa01"
"117","2010-11","30","LAL","NBA","C","82","82","37.0","7.2","13.7",".529","0.0","0.0",".333","7.2","13.6",".530",".530","4.3","5.2",".823","3.3","6.9","10.2","3.3","0.6","1.6","1.7","2.5","18.8","gasolpa01"
"118","2011-12","31","LAL","NBA","PF","65","65","37.4","7.1","14.1",".501","0.1","0.4",".259","7.0","13.7",".508",".504","3.1","4.0",".782","2.8","7.6","10.4","3.6","0.6","1.4","2.2","2.0","17.4","gasolpa01"
"119","2012-13","32","LAL","NBA","PF","49","42","33.8","5.5","11.8",".466","0.2","0.6",".286","5.3","11.2",".475",".473","2.6","3.6",".702","2.3","6.3","8.6","4.1","0.5","1.2","2.1","1.9","13.7","gasolpa01"
"120","2013-14","33","LAL","NBA","C","60","60","31.4","7.1","14.8",".480","0.1","0.2",".286","7.0","14.5",".483",".482","3.1","4.2",".736","2.1","7.6","9.7","3.4","0.5","1.5","2.4","2.1","17.4","gasolpa01"
"121","2014-15","34","CHI","NBA","PF","78","78","34.4","7.3","14.8",".494","0.2","0.3",".462","7.2","14.4",".495",".500","3.8","4.7",".803","2.8","9.0","11.8","2.7","0.3","1.9","2.0","1.9","18.5","gasolpa01"
"122","2015-16","35","CHI","NBA","C","72","72","31.8","6.5","13.8",".469","0.3","1.0",".348","6.2","12.9",".478",".481","3.2","4.0",".792","2.2","8.9","11.0","4.1","0.6","2.0","2.3","2.1","16.5","gasolpa01"
"123","2016-17","36","SAS","NBA","C","39","39","26.4","4.8","9.4",".510","0.5","1.1",".465","4.3","8.3",".516",".537","1.7","2.6",".644","1.5","6.4","7.9","2.7","0.4","1.2","1.3","1.7","11.7","gasolpa01"
"124","2007-08","23","ORL","NBA","C","6","0","6.8","1.3","2.8",".471","0.0","0.0","","1.3","2.8",".471",".471","0.3","0.5",".667","1.3","1.3","2.7","0.3","0.2","0.2","0.3","0.7","3.0","gortama01"
"125","2008-09","24","ORL","NBA","PF","63","3","12.6","1.7","3.0",".567","0.0","0.0","1.000","1.7","3.0",".565",".570","0.4","0.7",".578","1.5","3.0","4.5","0.2","0.3","0.8","0.4","1.8","3.8","gortama01"
"126","2009-10","25","ORL","NBA","C","81","0","13.4","1.5","2.8",".533","0.0","0.0",".000","1.5","2.8",".540",".533","0.6","0.9",".680","1.3","2.9","4.2","0.2","0.2","0.9","0.6","1.7","3.6","gortama01"
"127","2010-11","26","TOT","NBA","C","80","14","25.4","4.2","7.5",".561","0.0","0.1",".250","4.2","7.5",".563",".561","1.8","2.4",".725","1.9","6.0","7.9","0.9","0.5","1.1","1.0","2.4","10.2","gortama01"
"128","2010-11","26","ORL","NBA","C","25","2","15.8","1.8","3.2",".543","0.0","0.0","","1.8","3.2",".543",".543","0.5","0.7",".667","1.5","3.2","4.7","0.7","0.3","0.8","0.7","2.1","4.0","gortama01"
"129","2010-11","26","PHO","NBA","C","55","12","29.7","5.3","9.5",".563","0.0","0.1",".250","5.3","9.4",".566",".564","2.3","3.2",".731","2.0","7.3","9.3","1.0","0.5","1.3","1.2","2.5","13.0","gortama01"
"130","2011-12","27","PHO","NBA","C","66","66","32.0","6.5","11.7",".555","0.0","0.0",".000","6.5","11.6",".557",".555","2.5","3.8",".649","2.8","7.2","10.0","0.9","0.7","1.5","1.4","2.2","15.4","gortama01"
"131","2012-13","28","PHO","NBA","C","61","61","30.8","4.8","9.3",".521","0.0","0.0",".000","4.8","9.2",".524",".521","1.5","2.3",".652","2.1","6.4","8.5","1.2","0.7","1.6","1.6","2.1","11.1","gortama01"
"132","2013-14","29","WAS","NBA","C","81","80","32.8","5.6","10.4",".542","0.0","0.0","1.000","5.6","10.4",".541",".542","1.9","2.8",".686","2.5","7.0","9.5","1.7","0.5","1.5","1.6","2.5","13.2","gortama01"
"133","2014-15","30","WAS","NBA","C","82","82","29.9","5.4","9.5",".566","0.0","0.0",".000","5.4","9.4",".569",".566","1.5","2.1",".703","2.2","6.5","8.7","1.2","0.6","1.3","1.2","2.3","12.2","gortama01"
"134","2015-16","31","WAS","NBA","C","75","74","30.1","5.8","10.2",".567","0.0","0.0",".000","5.8","10.2",".567",".567","1.9","2.8",".705","3.0","6.9","9.9","1.4","0.6","1.3","1.6","2.6","13.5","gortama01"
"135","2016-17","32","WAS","NBA","C","48","48","34.5","5.1","8.5",".600","0.0","0.0",".000","5.1","8.5",".601",".600","1.3","2.1",".646","3.1","8.3","11.3","1.6","0.6","1.0","1.6","3.0","11.6","gortama01"
"136","2015-16","22","HOU","NBA","PF","39","1","9.7","1.5","2.3",".644","0.0","0.0",".000","1.5","2.3",".652",".644","0.6","1.2",".522","0.6","1.0","1.7","0.4","0.3","0.3","0.4","1.2","3.6","harremo01"
"137","2016-17","23","HOU","NBA","PF","42","14","19.4","4.1","6.2",".656","0.0","0.1",".333","4.1","6.2",".660",".658","1.3","2.1",".629","1.5","2.4","3.9","1.2","0.4","0.8","0.9","2.0","9.5","harremo01"
"138","2003-04","23","MIA","NBA","PF","75","24","23.9","2.7","6.0",".459","0.0","0.0",".000","2.7","5.9",".462",".459","1.9","2.4",".765","2.5","3.8","6.3","0.7","0.4","0.3","1.0","2.6","7.3","hasleud01"
"139","2004-05","24","MIA","NBA","PF","80","80","33.4","4.3","8.0",".540","0.0","0.1",".000","4.3","8.0",".543",".540","2.2","2.8",".791","3.0","6.1","9.1","1.4","0.8","0.5","1.4","3.3","10.9","hasleud01"
"140","2005-06","25","MIA","NBA","PF","81","80","30.8","3.7","7.3",".508","0.0","0.0",".000","3.7","7.3",".509",".508","1.9","2.5",".789","2.1","5.8","7.8","1.2","0.6","0.2","1.0","2.7","9.3","hasleud01"
"141","2006-07","26","MIA","NBA","PF","79","79","31.4","4.5","9.1",".492","0.0","0.1",".000","4.5","9.0",".495",".492","1.7","2.6",".680","2.4","5.9","8.3","1.2","0.6","0.3","1.4","3.0","10.7","hasleud01"
"142","2007-08","27","MIA","NBA","PF","49","48","36.8","4.8","10.3",".467","0.0","0.0","","4.8","10.3",".467",".467","2.3","2.9",".810","2.2","6.9","9.0","1.4","0.8","0.4","1.4","3.0","12.0","hasleud01"
"143","2008-09","28","MIA","NBA","PF","75","75","34.1","4.4","8.6",".518","0.0","0.0","","4.4","8.6",".518",".518","1.7","2.3",".753","2.3","6.0","8.2","1.1","0.6","0.3","1.1","2.7","10.6","hasleud01"
"144","2009-10","29","MIA","NBA","PF","78","0","27.9","4.0","8.1",".494","0.0","0.0","","4.0","8.1",".494",".494","1.9","2.5",".762","2.1","5.9","8.1","0.7","0.4","0.3","1.0","2.2","9.9","hasleud01"
"145","2010-11","30","MIA","NBA","PF","13","0","26.5","3.4","6.6",".512","0.0","0.0","","3.4","6.6",".512",".512","1.2","1.5",".800","2.2","5.9","8.2","0.5","0.5","0.2","1.1","3.0","8.0","hasleud01"
"146","2011-12","31","MIA","NBA","PF","64","10","24.8","2.4","5.6",".423","0.0","0.0","","2.4","5.6",".423",".423","1.3","1.6",".814","1.8","5.5","7.3","0.7","0.5","0.4","0.9","2.2","6.0","hasleud01"
"147","2012-13","32","MIA","NBA","PF","75","59","18.9","1.7","3.3",".514","0.0","0.0","","1.7","3.3",".514",".514","0.4","0.6",".711","1.3","4.1","5.4","0.5","0.4","0.2","0.6","2.3","3.9","hasleud01"
"148","2013-14","33","MIA","NBA","PF","46","18","14.2","1.6","3.2",".507","0.0","0.0","","1.6","3.2",".507",".507","0.5","1.0",".568","0.9","2.9","3.8","0.3","0.2","0.3","0.5","1.7","3.8","hasleud01"
"149","2014-15","34","MIA","NBA","PF","62","25","16.0","1.7","3.9",".448","0.0","0.2",".200","1.7","3.7",".459",".452","0.7","1.0",".703","1.1","3.0","4.2","0.7","0.3","0.2","0.7","1.8","4.2","hasleud01"
"150","2015-16","35","MIA","NBA","PF","37","0","7.0","0.6","1.6",".377","0.0","0.2",".111","0.6","1.4",".423",".385","0.3","0.4",".750","0.3","1.8","2.0","0.4","0.1","0.1","0.1","0.7","1.6","hasleud01"
"151","2016-17","36","MIA","NBA","C","15","0","8.1","0.6","1.2",".500","0.0","0.1",".000","0.6","1.1",".529",".500","0.6","1.0",".600","0.5","1.6","2.1","0.4","0.3","0.1","0.5","1.3","1.8","hasleud01"
"152","2007-08","19","SAC","NBA","C","71","8","13.1","2.1","4.5",".459","0.1","0.3",".190","2.0","4.2",".478",".465","0.5","0.8",".655","1.0","2.3","3.2","0.6","0.2","0.6","0.8","1.8","4.7","hawessp01"
"153","2008-09","20","SAC","NBA","C","77","51","29.3","4.8","10.4",".466","0.5","1.5",".348","4.3","8.9",".486",".491","1.2","1.8",".662","1.9","5.2","7.1","1.9","0.6","1.2","2.1","3.2","11.4","hawessp01"
"154","2009-10","21","SAC","NBA","C","72","59","26.4","4.3","9.3",".468","0.4","1.2",".299","4.0","8.0",".494",".488","1.0","1.5",".689","2.0","4.0","6.1","2.2","0.4","1.2","1.8","2.8","10.0","hawessp01"
"155","2010-11","22","PHI","NBA","C","81","81","21.2","3.3","7.0",".465","0.1","0.5",".243","3.1","6.6",".480",".473","0.6","1.1",".534","1.6","4.1","5.7","1.5","0.4","0.9","1.2","2.5","7.2","hawessp01"
"156","2011-12","23","PHI","NBA","C","37","29","24.9","4.2","8.6",".489","0.1","0.3",".250","4.1","8.3",".498",".494","1.1","1.5",".727","2.1","5.2","7.3","2.6","0.4","1.3","1.5","2.7","9.6","hawessp01"
"157","2012-13","24","PHI","NBA","C","82","40","27.2","4.6","9.9",".464","0.4","1.1",".356","4.2","8.8",".477",".483","1.5","1.9",".777","2.1","5.1","7.2","2.2","0.3","1.4","1.6","2.8","11.0","hawessp01"
"158","2013-14","25","TOT","NBA","C","80","78","30.9","5.0","11.0",".456","1.6","3.9",".416","3.4","7.2",".478",".529","1.5","1.9",".783","1.6","6.6","8.3","3.0","0.6","1.2","2.2","3.0","13.2","hawessp01"
"159","2013-14","25","PHI","NBA","C","53","53","31.4","5.0","11.1",".451","1.5","3.8",".399","3.5","7.2",".478",".520","1.5","1.9",".782","1.7","6.9","8.5","3.3","0.6","1.3","2.2","2.9","13.0","hawessp01"
"160","2013-14","25","CLE","NBA","C","27","25","29.8","5.1","11.0",".468","1.7","3.9",".448","3.4","7.1",".479",".547","1.5","1.9",".784","1.6","6.1","7.7","2.4","0.5","1.0","2.0","3.1","13.5","hawessp01"
"161","2014-15","26","LAC","NBA","PF","73","15","17.5","2.2","5.7",".393","0.8","2.4",".313","1.5","3.3",".452",".459","0.6","0.9",".647","0.4","3.1","3.5","1.2","0.3","0.7","0.8","2.4","5.8","hawessp01"
"162","2015-16","27","CHO","NBA","PF","57","6","18.2","2.2","5.4",".405","0.7","1.8",".373","1.5","3.6",".422",".467","0.9","1.1",".831","0.9","3.4","4.3","1.9","0.4","0.5","1.0","1.9","6.0","hawessp01"
"163","2016-17","28","CHO","NBA","PF","34","0","17.7","3.0","6.2",".481","0.5","1.6",".296","2.5","4.6",".544",".519","0.9","1.0",".882","0.9","3.3","4.2","1.7","0.4","0.7","1.1","1.8","7.4","hawessp01"
"164","2012-13","22","MIL","NBA","PF","63","9","13.1","2.6","5.3",".482","0.0","0.0",".000","2.6","5.3",".486",".482","0.9","1.7",".533","1.8","2.9","4.7","0.5","0.3","0.7","0.7","1.3","6.0","hensojo01"
"165","2013-14","23","MIL","NBA","PF","70","23","26.5","4.9","9.1",".538","0.0","0.0",".000","4.9","9.1",".539",".538","1.3","2.5",".514","2.4","4.7","7.1","1.6","0.6","1.7","1.6","2.6","11.1","hensojo01"
"166","2014-15","24","MIL","NBA","C","67","11","18.3","2.9","5.2",".566","0.0","0.0","","2.9","5.2",".566",".566","1.2","2.0",".569","1.9","2.8","4.7","0.9","0.4","2.0","1.3","2.3","7.0","hensojo01"
"167","2015-16","25","MIL","NBA","C","57","1","16.8","2.9","5.1",".564","0.0","0.0",".000","2.9","5.1",".566",".564","1.2","2.1",".590","1.5","2.4","3.9","0.9","0.3","1.9","1.1","2.3","7.0","hensojo01"
"168","2016-17","26","MIL","NBA","C","42","34","19.8","2.6","5.3",".498","0.0","0.0",".000","2.6","5.3",".500",".498","1.5","2.1",".713","1.5","3.7","5.2","1.2","0.5","1.3","1.0","2.5","6.8","hensojo01"
"169","2002-03","20","DEN","NBA","C","80","53","28.2","4.0","7.7",".519","0.0","0.0",".000","4.0","7.7",".521",".519","2.5","4.3",".578","2.6","3.5","6.1","1.9","1.6","0.8","2.3","3.7","10.5","hilarne01"
"170","2003-04","21","DEN","NBA","PF","77","77","32.5","4.3","8.2",".530","0.0","0.0",".000","4.3","8.2",".532",".530","3.1","4.6",".682","2.0","4.5","6.5","2.2","1.5","0.5","2.4","3.6","11.8","hilarne01"
"171","2004-05","22","DEN","NBA","C","55","18","23.9","3.5","7.0",".503","0.0","0.0",".000","3.5","7.0",".505",".503","2.5","3.9",".660","1.9","4.0","5.9","1.5","0.9","0.9","1.7","3.0","9.6","hilarne01"
"172","2005-06","23","DEN","NBA","PF","1","0","3.0","0.0","1.0",".000","0.0","0.0","","0.0","1.0",".000",".000","0.0","0.0","","0.0","0.0","0.0","0.0","0.0","0.0","2.0","1.0","0.0","hilarne01"
"173","2006-07","24","DEN","NBA","C","64","42","26.8","4.6","8.1",".570","0.0","0.0",".000","4.6","8.0",".571",".570","3.0","4.4",".689","2.3","4.7","7.0","1.2","1.0","0.9","2.0","3.3","12.2","hilarne01"
"174","2007-08","25","DEN","NBA","PF","16","1","16.6","1.8","4.4",".408","0.0","0.1",".000","1.8","4.4",".414",".408","1.7","3.1",".551","1.9","3.6","5.4","0.9","0.6","0.9","1.3","2.9","5.3","hilarne01"
"175","2008-09","26","DEN","NBA","C","77","76","32.6","5.6","9.2",".604","0.0","0.1",".200","5.5","9.1",".607",".604","3.5","4.8",".723","2.4","5.4","7.8","1.4","1.2","1.3","1.9","3.6","14.6","hilarne01"
"176","2009-10","27","DEN","NBA","C","82","82","33.6","5.1","8.7",".587","0.0","0.0",".000","5.1","8.7",".589",".587","3.6","5.1",".704","2.0","5.6","7.6","2.5","1.4","1.0","1.5","3.4","13.8","hilarne01"
"177","2010-11","28","DEN","NBA","C","75","75","30.5","5.4","8.7",".615","0.0","0.1",".200","5.3","8.7",".618",".615","3.8","5.4",".711","1.9","5.7","7.6","2.0","1.1","1.0","1.8","3.2","14.5","hilarne01"
"178","2011-12","29","TOT","NBA","C","39","33","28.5","5.4","10.1",".537","0.0","0.1",".000","5.4","10.0",".542",".537","2.9","4.3",".673","1.6","5.8","7.5","2.1","1.1","1.0","2.5","2.4","13.7","hilarne01"
"179","2011-12","29","DEN","NBA","C","28","27","29.5","5.1","10.0",".509","0.0","0.1",".000","5.1","10.0",".513",".509","3.2","4.8",".677","1.5","5.9","7.4","2.2","1.3","0.9","2.8","2.5","13.4","hilarne01"
"180","2011-12","29","WAS","NBA","C","11","6","25.8","6.2","10.2",".607","0.0","0.2",".000","6.2","10.0",".618",".607","2.1","3.2",".657","1.8","5.7","7.5","1.7","0.5","1.2","1.7","2.4","14.5","hilarne01"
"181","2012-13","30","WAS","NBA","PF","61","49","27.2","4.7","9.7",".480","0.0","0.0",".000","4.7","9.7",".481",".480","3.2","4.4",".729","1.7","5.0","6.7","2.9","0.9","0.6","2.3","2.8","12.6","hilarne01"
"182","2013-14","31","WAS","NBA","PF","53","37","29.4","5.6","11.2",".503","0.0","0.1",".200","5.6","11.1",".506",".504","2.9","5.0",".583","1.2","4.3","5.5","2.9","1.2","0.9","2.2","3.1","14.2","hilarne01"
"183","2014-15","32","WAS","NBA","PF","67","58","25.3","4.6","9.0",".511","0.0","0.1",".200","4.6","8.9",".513",".512","1.8","3.0",".604","1.3","3.9","5.1","1.8","1.0","0.3","1.9","2.7","11.0","hilarne01"
"184","2015-16","33","WAS","NBA","PF","57","11","19.2","3.7","6.7",".544","0.0","0.1",".000","3.7","6.7",".549",".544","1.9","3.2",".578","0.9","3.6","4.5","1.7","0.9","0.5","1.3","2.7","9.2","hilarne01"
"185","2016-17","34","HOU","NBA","C","44","6","17.1","3.2","5.2",".616","0.1","0.1",".500","3.1","5.1",".619",".622","1.8","3.0",".588","1.2","2.5","3.7","0.9","0.8","0.6","1.2","2.4","8.2","hilarne01"
"186","2009-10","22","TOT","NBA","PF","47","0","13.3","2.1","4.3",".493","0.0","0.0",".000","2.1","4.2",".497",".493","1.0","1.4",".676","1.6","2.1","3.7","0.4","0.3","0.4","0.6","2.0","5.2","hilljo01"
"187","2009-10","22","NYK","NBA","PF","24","0","10.5","1.7","3.8",".446","0.0","0.1",".000","1.7","3.8",".456",".446","0.6","0.9",".714","1.3","1.2","2.5","0.3","0.4","0.4","0.5","1.5","4.0","hilljo01"
"188","2009-10","22","HOU","NBA","PF","23","0","16.2","2.5","4.7",".532","0.0","0.0","","2.5","4.7",".532",".532","1.3","2.0",".660","1.9","3.0","5.0","0.6","0.2","0.5","0.8","2.4","6.4","hilljo01"
"189","2010-11","23","HOU","NBA","C","72","11","15.6","2.4","4.9",".491","0.0","0.0",".000","2.4","4.9",".494",".491","0.8","1.2",".706","1.8","2.5","4.3","0.4","0.2","0.7","0.9","2.2","5.6","hilljo01"
"190","2011-12","24","TOT","NBA","C","39","8","14.1","2.1","4.2",".497","0.0","0.1",".000","2.1","4.2",".506",".497","0.8","1.2",".638","1.6","3.2","4.8","0.4","0.4","0.7","0.8","1.8","5.0","hilljo01"
"191","2011-12","24","HOU","NBA","C","32","7","14.7","2.1","4.2",".504","0.0","0.1",".000","2.1","4.1",".515",".504","0.8","1.2",".641","1.5","3.4","4.8","0.4","0.3","0.7","0.8","1.9","5.0","hilljo01"
"192","2011-12","24","LAL","NBA","C","7","1","11.7","2.0","4.3",".467","0.0","0.0","","2.0","4.3",".467",".467","0.7","1.1",".625","2.0","2.4","4.4","0.3","0.7","0.9","1.0","1.6","4.7","hilljo01"
"193","2012-13","25","LAL","NBA","PF","29","1","15.8","2.7","5.3",".497","0.0","0.1",".000","2.7","5.3",".503",".497","1.4","2.1",".656","2.8","2.9","5.7","0.4","0.3","0.7","0.9","1.9","6.7","hilljo01"
"194","2013-14","26","LAL","NBA","PF","72","32","20.8","4.0","7.2",".549","0.0","0.0",".000","4.0","7.2",".550",".549","1.7","2.5",".685","2.7","4.7","7.4","0.8","0.4","0.9","1.0","2.4","9.7","hilljo01"
"195","2014-15","27","LAL","NBA","C","70","57","26.8","5.1","11.1",".459","0.0","0.2",".273","5.1","10.9",".462",".461","1.8","2.4",".738","2.5","5.5","7.9","1.5","0.5","0.7","1.5","2.3","12.0","hilljo01"
"196","2015-16","28","IND","NBA","C","73","11","20.7","3.8","7.5",".506","0.0","0.0",".000","3.8","7.5",".507",".506","1.2","1.7",".712","2.1","4.0","6.2","1.2","0.5","0.5","1.3","2.1","8.8","hilljo01"
"197","2016-17","29","MIN","NBA","C","5","0","8.0","0.8","2.2",".364","0.0","0.0","","0.8","2.2",".364",".364","0.4","0.4","1.000","1.4","1.2","2.6","0.0","0.2","0.0","0.6","1.8","2.0","hilljo01"
"198","2015-16","22","PHI","NBA","PF","51","1","13.8","2.2","4.4",".514","0.2","0.9",".182","2.1","3.5",".596",".532","1.0","1.5",".689","1.2","1.4","2.6","0.6","0.4","0.8","0.6","1.8","5.6","holmeri01"
"199","2016-17","23","PHI","NBA","C","25","2","16.1","2.9","5.6",".518","0.3","0.9",".364","2.6","4.8",".546",".546","0.9","1.3",".667","1.4","2.8","4.2","0.8","0.6","0.8","0.9","2.1","7.0","holmeri01"
"200","2007-08","21","ATL","NBA","C","81","77","31.4","4.1","8.2",".499","0.0","0.1",".000","4.1","8.2",".502",".499","1.9","2.6",".731","3.1","6.6","9.7","1.5","0.7","0.9","1.7","3.3","10.1","horfoal01"
"201","2008-09","22","ATL","NBA","C","67","67","33.5","4.7","8.9",".525","0.0","0.0",".000","4.7","8.9",".526",".525","2.2","3.1",".727","2.2","7.1","9.3","2.4","0.8","1.4","1.5","2.8","11.5","horfoal01"
"202","2009-10","23","ATL","NBA","C","81","81","35.1","5.8","10.5",".551","0.0","0.0","1.000","5.8","10.4",".551",".552","2.6","3.3",".789","2.9","7.0","9.9","2.3","0.7","1.1","1.5","2.8","14.2","horfoal01"
"203","2010-11","24","ATL","NBA","C","77","77","35.1","6.7","12.0",".557","0.0","0.1",".500","6.6","11.9",".557",".558","1.9","2.4",".798","2.4","7.0","9.3","3.5","0.8","1.0","1.5","2.5","15.3","horfoal01"
"204","2011-12","25","ATL","NBA","C","11","11","31.6","5.2","9.4",".553","0.0","0.1",".000","5.2","9.3",".559",".553","2.0","2.7",".733","2.4","4.6","7.0","2.2","0.9","1.3","1.5","1.9","12.4","horfoal01"
"205","2012-13","26","ATL","NBA","C","74","74","37.2","7.8","14.3",".543","0.0","0.1",".500","7.7","14.2",".544",".545","1.8","2.8",".644","2.6","7.6","10.2","3.2","1.1","1.1","2.0","2.2","17.4","horfoal01"
"206","2013-14","27","ATL","NBA","C","29","29","33.0","8.2","14.5",".567","0.1","0.4",".364","8.1","14.1",".572",".571","2.0","2.9",".682","2.3","6.1","8.4","2.6","0.9","1.5","2.2","1.9","18.6","horfoal01"
"207","2014-15","28","ATL","NBA","C","76","76","30.5","6.8","12.7",".538","0.1","0.5",".306","6.7","12.2",".547",".544","1.4","1.9",".759","1.7","5.4","7.2","3.2","0.9","1.3","1.3","1.6","15.2","horfoal01"
"208","2015-16","29","ATL","NBA","C","82","82","32.1","6.5","12.8",".505","1.1","3.1",".344","5.4","9.7",".557",".547","1.3","1.6",".798","1.8","5.5","7.3","3.2","0.8","1.5","1.3","2.0","15.2","horfoal01"
"209","2016-17","30","BOS","NBA","C","36","36","33.2","6.1","13.1",".466","1.5","4.4",".348","4.6","8.7",".525",".524","1.6","2.0",".819","1.4","5.2","6.6","5.1","0.7","1.7","1.6","2.2","15.4","horfoal01"
"210","2004-05","19","UTA","NBA","PF","67","4","13.0","1.7","4.3",".404","0.0","0.1",".333","1.7","4.2",".406",".408","0.7","1.5",".436","1.1","1.9","2.9","0.6","0.4","0.3","0.8","1.4","4.1","humphkr01"
"211","2005-06","20","UTA","NBA","PF","62","2","10.0","1.2","3.3",".379","0.0","0.1",".000","1.2","3.2",".389",".379","0.5","1.0",".523","0.9","1.6","2.5","0.5","0.4","0.3","0.5","1.3","3.0","humphkr01"
"212","2006-07","21","TOR","NBA","PF","60","2","11.2","1.5","3.1",".470","0.0","0.0","","1.5","3.1",".470",".470","0.9","1.3",".671","1.3","1.8","3.1","0.3","0.2","0.4","0.5","1.6","3.8","humphkr01"
"213","2007-08","22","TOR","NBA","PF","70","0","13.2","2.3","4.8",".483","0.0","0.0",".000","2.3","4.7",".486",".483","1.1","1.8",".605","1.3","2.4","3.7","0.4","0.4","0.4","0.7","1.5","5.7","humphkr01"
"214","2008-09","23","TOR","NBA","SF","29","0","9.1","1.3","3.1",".422","0.0","0.0","","1.3","3.1",".422",".422","1.3","1.7",".792","0.8","1.6","2.4","0.3","0.3","0.2","0.3","1.1","3.9","humphkr01"
"215","2009-10","24","TOT","NBA","PF","69","0","17.7","2.6","5.9",".441","0.0","0.0",".000","2.6","5.9",".442",".441","1.8","2.8",".668","1.7","3.7","5.5","0.5","0.5","0.7","1.0","2.1","7.1","humphkr01"
"216","2009-10","24","DAL","NBA","PF","25","0","12.6","2.1","4.6",".461","0.0","0.0","","2.1","4.6",".461",".461","1.0","1.8",".568","1.5","2.3","3.8","0.3","0.3","0.4","0.5","1.7","5.2","humphkr01"
"217","2009-10","24","NJN","NBA","PF","44","0","20.6","2.9","6.7",".433","0.0","0.0",".000","2.9","6.6",".435",".433","2.3","3.3",".699","1.9","4.6","6.4","0.6","0.7","0.8","1.2","2.3","8.1","humphkr01"
"218","2010-11","25","NJN","NBA","PF","74","44","27.9","4.1","7.9",".527","0.0","0.0",".000","4.1","7.9",".527",".527","1.7","2.6",".665","3.0","7.4","10.4","1.1","0.4","1.1","1.4","2.3","10.0","humphkr01"
"219","2011-12","26","NJN","NBA","PF","62","62","34.9","5.2","10.8",".481","0.0","0.0","","5.2","10.8",".481",".481","3.4","4.5",".752","3.8","7.2","11.0","1.5","0.8","1.2","1.9","2.8","13.8","humphkr01"
"220","2012-13","27","BRK","NBA","PF","65","21","18.3","2.1","4.8",".448","0.0","0.0",".000","2.1","4.7",".451",".448","1.5","1.9",".789","1.9","3.7","5.6","0.5","0.2","0.5","0.9","2.0","5.8","humphkr01"
"221","2013-14","28","BOS","NBA","PF","69","30","19.9","3.3","6.7",".501","0.0","0.0",".000","3.3","6.7",".503",".501","1.7","2.1",".813","1.8","4.1","5.9","1.0","0.4","0.9","0.9","2.0","8.4","humphkr01"
"222","2014-15","29","WAS","NBA","PF","64","17","21.0","3.3","7.0",".473","0.0","0.1",".000","3.3","6.9",".481",".473","1.4","1.8",".744","1.8","4.7","6.5","0.9","0.5","0.4","0.7","2.0","8.0","humphkr01"
"223","2015-16","30","TOT","NBA","PF","53","17","15.8","2.3","5.6",".410","0.6","2.0",".315","1.6","3.5",".465",".468","1.3","1.6",".798","1.1","3.0","4.1","0.7","0.3","0.4","0.7","1.8","6.5","humphkr01"
"224","2015-16","30","WAS","NBA","PF","28","14","16.6","2.3","5.6",".405","0.8","2.4",".343","1.5","3.3",".451",".478","1.0","1.1",".935","0.9","3.2","4.1","0.6","0.1","0.5","0.7","1.5","6.4","humphkr01"
"225","2015-16","30","PHO","NBA","PF","4","3","18.5","2.5","9.0",".278","0.8","2.5",".300","1.8","6.5",".269",".319","1.5","2.0",".750","2.8","5.3","8.0","1.8","0.8","0.5","1.0","2.0","7.3","humphkr01"
"226","2015-16","30","ATL","NBA","PF","21","0","14.0","2.2","4.8",".465","0.4","1.5",".258","1.9","3.3",".557",".505","1.5","2.1",".711","1.0","2.4","3.4","0.6","0.5","0.3","0.7","2.1","6.4","humphkr01"
"227","2016-17","31","ATL","NBA","PF","39","1","11.7","1.5","3.7",".417","0.3","0.9",".333","1.2","2.8",".444",".458","1.2","1.4",".833","1.1","2.3","3.4","0.5","0.3","0.4","0.6","1.2","4.5","humphkr01"
"228","2009-10","20","OKC","NBA","PF","73","0","18.1","2.8","5.1",".543","0.0","0.0",".500","2.7","5.0",".543",".545","0.8","1.3",".630","1.9","3.5","5.4","0.1","0.3","1.3","0.9","2.7","6.3","ibakase01"
"229","2010-11","21","OKC","NBA","PF","82","44","27.0","4.1","7.5",".543","0.0","0.0",".000","4.1","7.5",".544",".543","1.7","2.2",".750","2.6","5.0","7.6","0.3","0.4","2.4","0.9","3.3","9.9","ibakase01"
"230","2011-12","22","OKC","NBA","PF","66","66","27.2","4.0","7.4",".535","0.0","0.0",".333","4.0","7.4",".536",".536","1.2","1.8",".661","2.9","4.6","7.5","0.4","0.5","3.7","1.2","2.7","9.1","ibakase01"
"231","2012-13","23","OKC","NBA","PF","80","80","31.1","5.6","9.7",".573","0.3","0.7",".351","5.3","9.0",".591",".586","1.8","2.4",".749","2.8","4.9","7.7","0.5","0.4","3.0","1.6","2.7","13.2","ibakase01"
"232","2013-14","24","OKC","NBA","PF","81","81","32.9","6.5","12.1",".536","0.3","0.7",".383","6.2","11.3",".546",".548","1.9","2.5",".784","2.8","6.0","8.8","1.0","0.5","2.7","1.5","2.9","15.1","ibakase01"
"233","2014-15","25","OKC","NBA","PF","64","64","33.1","5.8","12.3",".476","1.2","3.2",".376","4.6","9.1",".511",".525","1.4","1.7",".836","2.1","5.7","7.8","0.9","0.5","2.4","1.5","3.0","14.3","ibakase01"
"234","2015-16","26","OKC","NBA","PF","78","78","32.1","5.3","11.1",".479","0.8","2.4",".326","4.6","8.8",".520",".513","1.2","1.6",".752","1.8","5.0","6.8","0.8","0.5","1.9","1.4","2.7","12.6","ibakase01"
"235","2016-17","27","ORL","NBA","PF","49","49","30.3","6.1","12.5",".485","1.5","3.9",".384","4.6","8.6",".530",".544","1.3","1.6",".823","1.8","5.1","6.9","1.1","0.6","1.6","1.2","2.6","14.9","ibakase01"
"236","2004-05","20","BOS","NBA","PF","71","1","14.8","2.7","5.2",".528","0.0","0.0",".000","2.7","5.2",".533",".528","1.2","1.9",".630","1.7","2.7","4.4","0.3","0.3","0.8","0.9","2.7","6.7","jeffeal01"
"237","2005-06","21","BOS","NBA","PF","59","7","18.0","3.2","6.4",".499","0.0","0.1",".000","3.2","6.4",".504",".499","1.5","2.3",".642","1.6","3.4","5.1","0.5","0.5","0.8","1.1","2.8","7.9","jeffeal01"
"238","2006-07","22","BOS","NBA","C","69","60","33.6","6.6","12.8",".514","0.0","0.0",".000","6.6","12.8",".514",".514","2.9","4.3",".681","3.4","7.5","11.0","1.3","0.7","1.5","2.0","3.4","16.0","jeffeal01"
"239","2007-08","23","MIN","NBA","C","82","82","35.6","8.8","17.6",".500","0.0","0.1",".000","8.8","17.5",".502",".500","3.5","4.8",".721","3.8","7.4","11.1","1.4","0.9","1.5","2.0","2.7","21.0","jeffeal01"
"240","2008-09","24","MIN","NBA","C","50","50","36.7","9.7","19.5",".497","0.0","0.1",".000","9.7","19.4",".499",".497","3.7","5.0",".738","3.4","7.5","11.0","1.6","0.8","1.7","1.8","2.8","23.1","jeffeal01"
"241","2009-10","25","MIN","NBA","C","76","76","32.4","7.4","14.8",".498","0.0","0.1",".000","7.4","14.8",".500",".498","2.4","3.5",".680","2.4","6.9","9.3","1.8","0.8","1.3","1.8","2.7","17.1","jeffeal01"
"242","2010-11","26","UTA","NBA","C","82","82","35.9","8.0","16.1",".496","0.0","0.0","","8.0","16.1",".496",".496","2.7","3.5",".761","2.9","6.8","9.7","1.8","0.6","1.9","1.3","2.9","18.6","jeffeal01"
"243","2011-12","27","UTA","NBA","C","61","61","34.0","8.5","17.2",".492","0.0","0.1",".250","8.4","17.1",".493",".493","2.2","2.9",".774","2.2","7.4","9.6","2.2","0.8","1.7","1.0","2.5","19.2","jeffeal01"
"244","2012-13","28","UTA","NBA","C","78","78","33.1","7.8","15.8",".494","0.0","0.2",".118","7.8","15.6",".500",".495","2.1","2.8",".770","2.0","7.2","9.2","2.1","1.0","1.1","1.3","2.2","17.8","jeffeal01"
"245","2013-14","29","CHA","NBA","C","73","73","35.0","9.6","18.8",".509","0.0","0.2",".200","9.5","18.6",".512",".510","2.6","3.8",".690","2.1","8.7","10.8","2.1","0.9","1.1","1.7","2.4","21.8","jeffeal01"
"246","2014-15","30","CHO","NBA","C","65","61","30.6","7.5","15.5",".481","0.0","0.1",".400","7.4","15.5",".482",".482","1.7","2.5",".655","1.5","6.9","8.4","1.7","0.7","1.3","1.0","2.1","16.6","jeffeal01"
"247","2015-16","31","CHO","NBA","C","47","18","23.3","5.2","10.7",".485","0.0","0.0","","5.2","10.7",".485",".485","1.5","2.4",".649","1.2","5.2","6.4","1.5","0.6","0.9","0.7","2.5","12.0","jeffeal01"
"248","2016-17","32","IND","NBA","C","47","1","14.9","3.7","7.5",".500","0.0","0.0",".000","3.7","7.5",".501",".500","1.1","1.5",".783","1.2","3.0","4.2","0.9","0.3","0.3","0.5","1.9","8.6","jeffeal01"
"249","2015-16","20","DEN","NBA","C","80","55","21.7","3.8","7.5",".512","0.4","1.1",".333","3.5","6.5",".541",".535","1.9","2.4",".811","2.3","4.7","7.0","2.4","1.0","0.6","1.3","2.6","10.0","jokicni01"
"250","2016-17","21","DEN","NBA","C","41","27","26.1","6.2","10.5",".593","0.5","1.6",".323","5.7","9.0",".640",".617","2.5","3.1",".817","2.8","5.7","8.5","4.0","0.7","0.8","1.9","3.1","15.5","jokicni01"
"251","2015-16","22","CHO","NBA","C","81","3","21.1","2.7","6.5",".410","0.8","2.5",".337","1.8","4.0",".455",".474","1.3","1.8",".730","0.9","3.3","4.1","1.2","0.5","0.5","0.7","1.6","7.5","kaminfr01"
"252","2016-17","23","CHO","NBA","C","47","6","24.1","3.7","9.5",".386","1.2","4.1",".301","2.4","5.4",".451",".451","1.3","1.7",".756","0.8","3.4","4.3","2.0","0.7","0.4","1.0","1.5","9.9","kaminfr01"
"253","2014-15","23","DEN","NBA","C","24","1","11.2","1.5","3.7",".404","0.1","0.7",".188","1.4","3.0",".452",".421","0.8","1.2",".643","1.1","2.1","3.2","0.5","0.3","0.4","0.9","1.8","3.9","lauvejo01"
"254","2015-16","24","DEN","NBA","C","59","15","17.6","3.3","6.4",".513","0.2","0.9",".245","3.1","5.5",".557",".530","1.1","1.2",".899","1.3","3.6","4.9","0.9","0.2","0.3","0.9","1.9","7.9","lauvejo01"
"255","2016-17","25","OKC","NBA","C","42","0","13.9","2.0","4.7",".431","0.5","1.5",".317","1.5","3.2",".485",".482","0.7","1.1",".609","0.9","2.5","3.4","0.9","0.3","0.1","0.6","1.4","5.2","lauvejo01"
"256","2012-13","20","POR","NBA","C","69","9","17.5","2.2","4.0",".545","0.0","0.1",".429","2.1","3.9",".548",".551","1.0","1.3",".809","1.2","2.5","3.7","0.5","0.2","0.6","0.7","2.4","5.5","leoname01"
"257","2013-14","21","POR","NBA","C","40","0","8.9","1.0","2.3",".451","0.0","0.2",".000","1.0","2.1",".482",".451","0.4","0.5",".762","0.7","2.1","2.8","0.5","0.2","0.1","0.4","1.9","2.5","leoname01"
"258","2014-15","22","POR","NBA","C","55","7","15.4","2.3","4.5",".510","0.9","2.0",".420","1.4","2.4",".586",".606","0.5","0.6",".938","0.8","3.7","4.5","0.6","0.2","0.3","0.7","2.1","5.9","leoname01"
"259","2015-16","23","POR","NBA","PF","61","10","21.9","3.2","7.1",".448","1.4","3.7",".377","1.8","3.4",".527",".547","0.6","0.8",".761","0.8","4.3","5.1","1.5","0.1","0.3","1.3","3.0","8.4","leoname01"
"260","2016-17","24","POR","NBA","PF","44","5","15.9","2.0","5.5",".361","1.1","3.1",".343","0.9","2.4",".385",".459","0.6","0.6",".962","0.4","2.8","3.1","0.8","0.1","0.4","0.5","2.2","5.6","leoname01"
"261","2015-16","19","GSW","NBA","PF","5","0","4.2","0.8","1.4",".571","0.2","0.4",".500","0.6","1.0",".600",".643","0.0","0.0","","0.8","1.2","2.0","0.0","0.0","0.0","0.2","0.4","1.8","looneke01"
"262","2016-17","20","GSW","NBA","C","35","3","8.5","1.1","2.0",".565","0.0","0.1",".200","1.1","1.8",".594",".572","0.4","0.6",".636","0.9","1.7","2.6","0.6","0.2","0.4","0.3","1.3","2.7","looneke01"
"263","2010-11","20","DET","NBA","C","80","48","27.8","3.8","6.9",".551","0.0","0.0",".000","3.8","6.9",".552",".551","1.8","2.9",".622","3.1","4.4","7.5","1.3","1.2","0.6","1.0","2.5","9.4","monrogr01"
"264","2011-12","21","DET","NBA","C","66","66","31.5","6.2","11.8",".521","0.0","0.0",".000","6.2","11.8",".522",".521","3.0","4.1",".739","3.6","6.0","9.7","2.3","1.3","0.7","2.4","2.7","15.4","monrogr01"
"265","2012-13","22","DET","NBA","C","81","81","33.2","6.3","13.1",".486","0.0","0.0",".000","6.3","13.0",".488",".486","3.3","4.8",".689","2.9","6.7","9.6","3.5","1.3","0.7","2.9","2.3","16.0","monrogr01"
"266","2013-14","23","DET","NBA","PF","82","82","32.8","6.1","12.4",".497","0.0","0.0",".000","6.1","12.4",".497",".497","2.9","4.5",".657","3.1","6.1","9.3","2.1","1.1","0.6","2.0","2.5","15.2","monrogr01"
"267","2014-15","24","DET","NBA","PF","69","57","31.0","6.1","12.4",".496","0.0","0.0","","6.1","12.4",".496",".496","3.7","4.9",".750","3.3","6.9","10.2","2.1","1.1","0.5","2.2","2.1","15.9","monrogr01"
"268","2015-16","25","MIL","NBA","C","79","67","29.3","6.2","11.9",".522","0.0","0.0",".000","6.2","11.9",".522",".522","2.9","3.9",".740","2.8","6.1","8.8","2.3","0.9","0.8","1.6","2.1","15.3","monrogr01"
"269","2016-17","26","MIL","NBA","C","46","0","21.5","4.4","8.5",".514","0.0","0.0",".000","4.4","8.5",".517",".514","2.3","3.2",".724","2.1","4.8","6.9","2.1","1.2","0.5","1.7","1.7","11.1","monrogr01"
"270","2012-13","22","HOU","NBA","PF","44","14","12.2","2.2","4.8",".455","0.5","1.9",".289","1.7","3.0",".562",".512","0.7","1.2",".627","0.8","1.3","2.1","0.7","0.2","0.2","0.8","1.7","5.7","motiedo01"
"271","2013-14","23","HOU","NBA","PF","62","3","15.4","2.1","4.8",".443","0.3","1.4",".250","1.8","3.4",".519",".478","0.9","1.5",".604","1.0","2.7","3.6","0.5","0.3","0.3","0.8","2.1","5.5","motiedo01"
"272","2014-15","24","HOU","NBA","PF","71","62","28.7","5.0","9.9",".504","0.7","1.9",".368","4.3","8.0",".536",".539","1.4","2.3",".602","1.9","4.0","5.9","1.8","0.8","0.5","1.7","2.9","12.0","motiedo01"
"273","2015-16","25","HOU","NBA","PF","37","22","14.8","2.4","5.5",".439","0.4","1.5",".281","2.0","4.0",".500",".478","0.9","1.4",".642","1.0","1.9","2.9","1.1","0.5","0.1","1.2","1.9","6.2","motiedo01"
"274","2016-17","26","NOP","NBA","PF","12","0","16.3","2.3","4.6",".509","0.7","1.7",".400","1.7","2.9",".571",".582","0.8","1.6",".474","0.9","2.4","3.3","1.5","0.7","0.5","1.1","2.1","6.1","motiedo01"
"275","2013-14","22","ATL","NBA","PF","20","0","10.8","1.6","3.7",".425","0.0","0.2",".000","1.6","3.5",".443",".425","0.7","0.7","1.000","0.9","1.8","2.6","0.4","0.2","0.5","0.6","1.5","3.8","muscami01"
"276","2014-15","23","ATL","NBA","PF","40","8","12.6","2.1","3.8",".550","0.2","0.6",".409","1.9","3.2",".574",".579","0.6","0.6",".880","1.3","1.7","3.0","0.6","0.4","0.5","0.5","1.3","4.9","muscami01"
"277","2015-16","24","ATL","NBA","C","60","0","9.4","1.3","2.5",".500","0.2","0.7",".308","1.1","1.9",".566",".539","0.5","0.7",".795","0.6","1.3","2.0","0.6","0.2","0.5","0.5","1.2","3.3","muscami01"
"278","2016-17","25","ATL","NBA","C","42","3","20.3","2.9","5.8",".508","0.8","1.8",".446","2.1","4.0",".536",".576","0.8","1.0",".773","1.3","2.4","3.7","1.5","0.5","0.6","0.9","1.6","7.5","muscami01"
"279","2014-15","20","PHI","NBA","C","75","71","30.8","4.0","8.7",".462","0.0","0.0","","4.0","8.7",".462",".462","1.9","3.1",".609","2.5","5.7","8.1","1.7","1.8","1.9","1.9","2.8","9.9","noelne01"
"280","2015-16","21","PHI","NBA","C","67","62","29.3","4.6","8.8",".521","0.0","0.0",".500","4.6","8.7",".521",".522","2.0","3.4",".590","2.3","5.8","8.1","1.8","1.8","1.5","2.4","2.9","11.1","noelne01"
"281","2016-17","22","PHI","NBA","C","21","3","17.9","3.5","5.7",".608","0.0","0.0","","3.5","5.7",".608",".608","1.4","2.0",".714","1.6","3.2","4.8","1.0","1.2","1.0","0.9","2.3","8.4","noelne01"
"282","2012-13","22","ORL","NBA","C","57","5","11.2","1.8","3.5",".513","0.0","0.0",".000","1.8","3.4",".515",".513","0.5","0.8",".667","1.1","2.5","3.7","0.9","0.2","0.5","0.6","1.9","4.1","oquinky01"
"283","2013-14","23","ORL","NBA","C","69","19","17.2","2.7","5.4",".501","0.0","0.0",".000","2.7","5.3",".505",".501","0.8","1.2",".687","1.4","3.8","5.3","1.1","0.6","1.3","1.1","2.4","6.2","oquinky01"
"284","2014-15","24","ORL","NBA","PF","51","17","16.2","2.3","4.7",".492","0.2","0.8",".279","2.1","3.9",".538",".517","0.9","1.1",".772","0.9","3.0","3.9","1.2","0.6","0.8","1.1","2.2","5.8","oquinky01"
"285","2015-16","25","NYK","NBA","PF","65","1","11.8","2.0","4.2",".476","0.1","0.3",".227","1.9","3.8",".498",".485","0.7","0.9",".767","1.2","2.7","3.8","1.1","0.3","0.8","0.9","1.6","4.8","oquinky01"
"286","2016-17","26","NYK","NBA","PF","48","6","15.1","2.8","5.2",".530","0.0","0.2",".125","2.8","5.1",".543",".532","0.6","0.8",".700","2.1","3.6","5.7","1.2","0.4","1.3","0.9","2.2","6.1","oquinky01"
"287","2015-16","20","PHI","NBA","C","53","48","30.0","7.5","14.7",".508","0.0","0.1",".167","7.5","14.6",".511",".509","2.5","3.7",".686","2.3","4.7","7.0","1.2","0.4","1.2","2.3","2.6","17.5","okafoja01"
"288","2016-17","21","PHI","NBA","C","32","17","23.0","4.8","9.1",".524","0.0","0.0","","4.8","9.1",".524",".524","1.8","2.9",".624","1.6","3.2","4.8","1.1","0.4","1.1","1.5","2.4","11.3","okafoja01"
"289","2013-14","22","BOS","NBA","C","70","9","20.0","3.3","7.2",".466","0.6","1.6",".351","2.8","5.5",".500",".506","1.4","1.7",".811","2.0","3.2","5.2","1.6","0.5","0.4","1.5","3.2","8.7","olynyke01"
"290","2014-15","23","BOS","NBA","C","64","13","22.2","3.9","8.3",".475","1.0","2.7",".349","3.0","5.5",".538",".533","1.5","2.1",".684","1.4","3.3","4.7","1.7","1.0","0.6","1.5","3.3","10.3","olynyke01"
"291","2015-16","24","BOS","NBA","C","69","8","20.2","3.7","8.1",".455","1.2","3.0",".405","2.4","5.0",".486",".531","1.4","1.9",".750","1.0","3.0","4.1","1.5","0.8","0.5","1.1","2.4","10.0","olynyke01"
"292","2016-17","25","BOS","NBA","C","42","5","21.1","3.3","6.5",".498","1.0","2.8",".364","2.2","3.7",".599",".576","1.1","1.5",".723","0.8","3.6","4.4","1.9","0.7","0.4","1.3","2.5","8.7","olynyke01"
"293","2016-17","20","HOU","NBA","C","2","0","5.0","1.0","1.0","1.000","0.0","0.0","","1.0","1.0","1.000","1.000","1.0","1.0","1.000","0.5","1.0","1.5","0.5","0.5","0.0","0.0","0.5","3.0","onuakch01"
"294","2014-15","23","TOT","NBA","PF","32","22","23.1","2.8","6.9",".414","0.0","0.3",".111","2.8","6.6",".427",".416","0.9","1.4",".652","1.5","3.6","5.1","0.9","0.6","0.3","1.4","2.8","6.7","paynead01"
"295","2014-15","23","ATL","NBA","PF","3","0","6.3","0.7","2.3",".286","0.0","0.3",".000","0.7","2.0",".333",".286","0.3","0.7",".500","0.3","1.0","1.3","0.0","0.3","0.0","0.0","1.3","1.7","paynead01"
"296","2014-15","23","MIN","NBA","PF","29","22","24.8","3.1","7.3",".418","0.0","0.3",".125","3.0","7.1",".429",".420","1.0","1.5",".659","1.6","3.8","5.4","1.0","0.6","0.3","1.5","2.9","7.2","paynead01"
"297","2015-16","24","MIN","NBA","PF","52","2","9.3","1.0","2.8",".366","0.2","0.6",".281","0.8","2.2",".389",".397","0.3","0.5",".654","0.4","1.8","2.1","0.6","0.3","0.2","0.7","1.5","2.5","paynead01"
"298","2016-17","25","MIN","NBA","PF","11","0","8.1","1.5","3.5",".447","0.2","0.9",".200","1.4","2.5",".536",".474","1.1","1.4",".800","0.5","1.2","1.7","0.4","0.4","0.4","0.6","1.9","4.4","paynead01"
"299","2012-13","24","IND","NBA","C","14","0","3.9","0.4","1.5",".238","0.0","0.0","","0.4","1.5",".238",".238","0.2","0.3",".750","0.9","0.7","1.6","0.1","0.0","0.2","0.2","0.4","0.9","plumlmi01"
"300","2013-14","25","PHO","NBA","C","80","79","24.6","3.6","6.9",".517","0.0","0.0","","3.6","6.9",".517",".517","0.9","1.7",".561","2.5","5.4","7.8","0.5","0.6","1.1","1.4","2.3","8.1","plumlmi01"
"301","2014-15","26","TOT","NBA","C","73","28","16.4","1.9","3.5",".535","0.0","0.0","","1.9","3.5",".535",".535","0.3","0.6",".478","1.5","2.8","4.4","0.5","0.6","0.9","0.7","1.5","4.0","plumlmi01"
"302","2014-15","26","PHO","NBA","C","54","28","18.6","2.0","3.6",".549","0.0","0.0","","2.0","3.6",".549",".549","0.4","0.7",".500","1.8","3.3","5.1","0.5","0.6","1.0","0.8","1.8","4.3","plumlmi01"
"303","2014-15","26","MIL","NBA","C","19","0","9.9","1.5","3.1",".492","0.0","0.0","","1.5","3.1",".492",".492","0.2","0.4",".375","0.9","1.5","2.4","0.4","0.3","0.6","0.3","0.6","3.2","plumlmi01"
"304","2015-16","27","MIL","NBA","C","61","14","14.3","2.3","3.8",".601","0.0","0.0","","2.3","3.8",".601",".601","0.6","1.0",".576","1.5","2.3","3.8","0.3","0.3","0.8","0.7","1.2","5.1","plumlmi01"
"305","2016-17","28","MIL","NBA","C","32","12","9.7","0.9","2.1",".441","0.0","0.0","","0.9","2.1",".441",".441","0.7","1.1",".629","0.7","0.9","1.7","0.6","0.3","0.3","0.7","1.5","2.6","plumlmi01"
"306","2015-16","20","NYK","NBA","PF","72","72","28.4","5.2","12.3",".421","1.1","3.4",".333","4.1","8.9",".454",".467","2.8","3.3",".838","1.8","5.5","7.3","1.3","0.7","1.9","1.7","2.8","14.3","porzikr01"
"307","2016-17","21","NYK","NBA","PF","42","41","33.4","6.9","15.2",".452","1.9","5.0",".381","5.0","10.2",".487",".515","3.0","3.8",".804","1.7","5.3","7.0","1.3","0.7","2.0","1.8","3.9","18.6","porzikr01"
"308","2014-15","23","TOT","NBA","PF","29","0","8.1","1.1","2.3",".463","0.1","0.4",".273","1.0","1.9",".500",".485","0.9","1.1",".758","0.6","1.1","1.7","0.3","0.3","0.2","0.4","1.4","3.1","poweldw01"
"309","2014-15","23","BOS","NBA","PF","5","0","1.8","0.8","1.0",".800","0.0","0.0","","0.8","1.0",".800",".800","0.2","0.4",".500","0.0","0.2","0.2","0.0","0.4","0.0","0.4","0.2","1.8","poweldw01"
"310","2014-15","23","DAL","NBA","PF","24","0","9.5","1.1","2.6",".435","0.1","0.5",".273","1.0","2.1",".471",".460","1.0","1.3",".774","0.8","1.3","2.0","0.4","0.3","0.3","0.4","1.6","3.4","poweldw01"
"311","2015-16","24","DAL","NBA","PF","69","2","14.4","2.1","4.3",".493","0.0","0.2",".125","2.1","4.1",".514",".497","1.5","2.1",".739","1.2","2.7","4.0","0.6","0.5","0.3","0.6","1.7","5.8","poweldw01"
"312","2016-17","25","DAL","NBA","C","48","1","19.3","2.8","5.3",".536","0.1","0.5",".182","2.7","4.8",".570",".544","1.6","2.0",".789","1.5","3.2","4.7","0.8","1.0","0.6","0.4","2.0","7.3","poweldw01"
"313","2008-09","21","PHI","NBA","C","79","2","16.0","3.2","6.4",".502","0.0","0.1",".250","3.2","6.3",".506",".504","1.3","1.7",".773","1.6","2.2","3.7","0.4","0.3","0.7","0.6","2.3","7.7","speigma01"
"314","2009-10","22","PHI","NBA","C","62","1","16.4","3.4","7.2",".477","0.0","0.1",".000","3.4","7.1",".483",".477","1.7","2.3",".745","1.4","2.7","4.1","0.6","0.5","0.5","0.8","2.5","8.6","speigma01"
"315","2010-11","23","PHI","NBA","C","64","1","11.5","2.3","4.5",".495","0.0","0.1",".250","2.2","4.5",".498",".497","0.9","1.1",".753","1.0","2.3","3.3","0.5","0.1","0.3","0.6","1.9","5.4","speigma01"
"316","2011-12","24","MEM","NBA","PF","60","54","22.4","3.7","8.1",".453","0.0","0.1",".000","3.7","8.1",".456",".453","1.4","1.8",".771","2.2","4.0","6.2","0.8","0.4","0.5","1.2","2.5","8.8","speigma01"
"317","2012-13","25","TOT","NBA","C","79","3","16.5","3.3","7.4",".445","0.0","0.1",".300","3.3","7.3",".448",".448","1.7","2.2",".771","1.8","3.0","4.9","0.6","0.3","0.7","1.0","2.2","8.3","speigma01"
"318","2012-13","25","MEM","NBA","C","40","2","14.5","2.7","6.2",".429","0.1","0.1",".400","2.6","6.1",".430",".433","1.2","1.7",".716","1.9","2.8","4.7","0.5","0.3","0.7","0.9","2.2","6.6","speigma01"
"319","2012-13","25","CLE","NBA","C","39","1","18.5","3.9","8.6",".457","0.0","0.1",".200","3.9","8.5",".461",".458","2.2","2.8",".806","1.8","3.3","5.1","0.7","0.4","0.7","1.2","2.3","10.2","speigma01"
"320","2013-14","26","GSW","NBA","C","79","3","12.4","2.5","5.6",".441","0.1","0.4",".258","2.4","5.2",".455",".450","1.4","1.7",".821","1.3","2.4","3.7","0.4","0.1","0.4","0.8","1.9","6.4","speigma01"
"321","2014-15","27","GSW","NBA","C","76","9","15.9","4.2","8.5",".492","0.1","0.2",".278","4.1","8.3",".498",".496","2.0","2.3",".843","1.4","2.8","4.3","0.9","0.3","0.4","1.1","2.5","10.4","speigma01"
"322","2015-16","28","GSW","NBA","C","72","0","11.6","2.7","6.3",".432","0.3","0.9",".387","2.4","5.5",".439",".458","1.3","1.6",".825","1.1","2.3","3.3","0.8","0.3","0.5","0.9","1.6","7.1","speigma01"
"323","2016-17","29","LAC","NBA","C","48","1","16.6","3.4","7.3",".457","1.4","3.5",".402","1.9","3.8",".508",".554","1.9","2.2",".869","1.2","3.6","4.7","0.9","0.3","0.5","0.8","3.0","10.1","speigma01"
"324","2014-15","21","MEM","NBA","PF","19","2","6.6","1.1","1.9",".568","0.0","0.0","","1.1","1.9",".568",".568","0.8","1.5",".536","0.8","0.9","1.8","0.2","0.3","0.3","0.4","1.3","3.0","stokeja01"
"325","2015-16","22","TOT","NBA","C","7","0","2.6","0.4","0.7",".600","0.0","0.0","","0.4","0.7",".600",".600","0.1","0.3",".500","0.1","0.4","0.6","0.1","0.1","0.0","0.0","0.1","1.0","stokeja01"
"326","2015-16","22","MEM","NBA","C","2","0","2.0","0.0","0.0","","0.0","0.0","","0.0","0.0","","","0.0","0.0","","0.5","0.5","1.0","0.0","0.0","0.0","0.0","0.0","0.0","stokeja01"
"327","2015-16","22","MIA","NBA","C","5","0","2.8","0.6","1.0",".600","0.0","0.0","","0.6","1.0",".600",".600","0.2","0.4",".500","0.0","0.4","0.4","0.2","0.2","0.0","0.0","0.2","1.4","stokeja01"
"328","2016-17","23","DEN","NBA","PF","2","0","3.5","0.5","0.5","1.000","0.0","0.0","","0.5","0.5","1.000","1.000","0.5","1.0",".500","0.5","0.5","1.0","1.0","0.5","0.0","0.0","1.5","1.5","stokeja01"
"329","2008-09","23","SAS","NBA","PF","19","0","10.9","1.0","3.4",".292","0.5","2.2",".220","0.5","1.3",".417",".362","0.3","0.5",".500","0.6","1.5","2.2","0.9","0.3","0.1","0.4","0.8","2.7","tollian01"
"330","2009-10","24","TOT","NBA","PF","46","29","31.0","4.2","9.8",".430","1.1","3.3",".329","3.1","6.5",".481",".486","2.2","2.9",".769","1.8","5.1","7.0","1.9","0.7","0.7","1.0","2.8","11.7","tollian01"
"331","2009-10","24","POR","NBA","PF","2","0","2.0","0.0","0.5",".000","0.0","0.5",".000","0.0","0.0","",".000","0.0","0.0","","0.0","0.5","0.5","0.0","0.0","0.0","0.0","0.5","0.0","tollian01"
"332","2009-10","24","GSW","NBA","PF","44","29","32.3","4.4","10.2",".431","1.1","3.4",".331","3.3","6.8",".481",".487","2.3","3.0",".769","1.9","5.3","7.3","2.0","0.7","0.8","1.0","2.9","12.3","tollian01"
"333","2010-11","25","MIN","NBA","SF","65","4","21.0","2.2","4.8",".450","0.7","1.8",".409","1.4","3.0",".475",".526","1.6","2.0",".802","1.4","3.1","4.5","1.3","0.4","0.4","0.8","2.2","6.7","tollian01"
"334","2011-12","26","MIN","NBA","SF","51","0","17.3","1.4","3.6",".390","0.5","2.0",".248","0.9","1.6",".568",".459","0.8","1.1",".745","1.0","2.0","3.0","0.4","0.4","0.4","0.7","1.7","4.1","tollian01"
"335","2012-13","27","ATL","NBA","SF","62","11","15.5","1.3","3.5",".380","0.7","2.1",".338","0.6","1.3",".446",".484","0.7","0.8",".863","0.5","2.0","2.5","0.5","0.2","0.2","0.6","1.1","4.1","tollian01"
"336","2013-14","28","CHA","NBA","PF","64","9","20.3","2.0","4.8",".420","1.6","3.9",".413","0.4","0.9",".450",".586","0.5","0.6",".805","0.5","2.1","2.6","0.7","0.3","0.2","0.4","1.3","6.1","tollian01"
"337","2014-15","29","TOT","NBA","PF","76","11","18.8","2.1","5.2",".410","1.4","3.8",".366","0.7","1.4",".534",".545","0.7","0.9",".783","0.7","2.4","3.1","0.8","0.3","0.2","0.7","1.8","6.3","tollian01"
"338","2014-15","29","PHO","NBA","PF","24","0","11.3","1.1","3.1",".351","1.0","2.6",".387","0.1","0.5",".167",".514","0.2","0.3",".667","0.3","1.6","1.8","0.4","0.2","0.0","0.5","0.8","3.3","tollian01"
"339","2014-15","29","DET","NBA","PF","52","11","22.3","2.6","6.1",".423","1.6","4.4",".360","1.0","1.8",".582",".552","1.0","1.2",".794","0.9","2.8","3.7","0.9","0.4","0.3","0.8","2.3","7.7","tollian01"
"340","2015-16","30","DET","NBA","PF","72","5","18.6","1.8","4.6",".386","1.4","3.8",".360","0.4","0.8",".500",".533","0.4","0.7",".617","0.5","2.6","3.2","0.7","0.4","0.2","0.4","1.2","5.3","tollian01"
"341","2016-17","31","SAC","NBA","PF","37","5","22.0","2.3","5.0",".452","1.4","3.4",".400","0.9","1.6",".557",".586","1.1","1.3",".830","0.9","2.6","3.5","0.9","0.5","0.2","0.7","1.7","6.9","tollian01"
"342","2015-16","20","MIN","NBA","C","82","82","32.0","7.6","14.1",".542","0.4","1.1",".341","7.3","13.0",".559",".555","2.7","3.4",".811","2.8","7.7","10.5","2.0","0.7","1.7","2.2","3.0","18.3","townska01"
"343","2016-17","21","MIN","NBA","C","48","48","36.4","8.9","17.6",".505","1.2","3.5",".337","7.7","14.1",".546",".538","4.0","4.9",".810","3.4","8.6","11.9","3.1","0.6","1.5","2.8","3.0","23.0","townska01"
"344","2015-16","19","IND","NBA","C","60","30","22.8","4.4","8.8",".498","0.1","0.2",".214","4.4","8.6",".506",".501","1.5","2.0",".727","1.1","4.4","5.5","0.7","0.4","1.4","1.1","2.6","10.3","turnemy01"
"345","2016-17","20","IND","NBA","C","46","46","30.4","6.0","11.2",".537","0.7","1.6",".405","5.4","9.6",".559",".566","3.2","4.0",".799","1.6","5.9","7.5","1.0","0.8","2.3","1.4","3.2","15.9","turnemy01"
"346","2004-05","22","CLE","NBA","PF","54","0","16.0","1.8","3.6",".513","0.0","0.0",".000","1.8","3.5",".518",".513","1.3","2.4",".535","2.0","2.7","4.8","0.5","0.8","0.7","0.5","2.3","4.9","varejan01"
"347","2005-06","23","CLE","NBA","C","48","4","15.8","1.6","3.1",".527","0.0","0.0",".000","1.6","3.1",".530",".527","1.3","2.5",".513","1.6","3.3","4.9","0.4","0.6","0.4","0.6","2.5","4.6","varejan01"
"348","2006-07","24","CLE","NBA","C","81","6","23.9","2.4","5.0",".476","0.0","0.1",".000","2.4","4.8",".487",".476","2.0","3.3",".616","2.4","4.4","6.7","0.9","0.9","0.6","0.8","3.3","6.8","varejan01"
"349","2007-08","25","CLE","NBA","C","48","13","27.5","2.8","6.1",".461","0.0","0.0",".000","2.8","6.1",".464",".461","1.0","1.7",".598","2.8","5.5","8.3","1.1","0.8","0.5","1.2","2.8","6.7","varejan01"
"350","2008-09","26","CLE","NBA","PF","81","42","28.5","3.3","6.2",".536","0.0","0.0",".000","3.3","6.2",".538",".536","1.9","3.1",".616","2.0","5.1","7.2","1.0","0.9","0.8","1.0","3.0","8.6","varejan01"
"351","2009-10","27","CLE","NBA","PF","76","7","28.5","3.5","6.1",".572","0.0","0.1",".200","3.5","6.1",".576",".573","1.5","2.3",".663","2.5","5.1","7.6","1.1","0.9","0.9","0.9","2.9","8.6","varejan01"
"352","2010-11","28","CLE","NBA","C","31","31","32.1","3.7","7.0",".528","0.0","0.1",".000","3.7","6.9",".533",".528","1.7","2.6",".667","3.2","6.5","9.7","1.5","0.9","1.2","1.3","2.8","9.1","varejan01"
"353","2011-12","29","CLE","NBA","C","25","25","31.4","4.6","8.9",".514","0.0","0.2",".000","4.6","8.7",".523",".514","1.7","2.6",".672","4.4","7.1","11.5","1.7","1.4","0.7","1.8","2.5","10.8","varejan01"
"354","2012-13","30","CLE","NBA","C","25","25","36.0","5.5","11.6",".478","0.0","0.2",".000","5.5","11.4",".486",".478","3.1","4.1",".755","5.5","8.9","14.4","3.4","1.5","0.6","1.8","2.7","14.1","varejan01"
"355","2013-14","31","CLE","NBA","C","65","29","27.7","3.5","7.1",".495","0.0","0.1",".000","3.5","7.0",".502",".495","1.4","2.1",".681","2.9","6.8","9.7","2.2","1.1","0.6","1.1","2.5","8.4","varejan01"
"356","2014-15","32","CLE","NBA","C","26","26","24.5","4.3","7.7",".555","0.0","0.1",".000","4.3","7.6",".561",".555","1.3","1.7",".733","2.2","4.3","6.5","1.3","0.7","0.6","1.3","2.2","9.8","varejan01"
"357","2015-16","33","TOT","NBA","C","53","0","9.4","1.0","2.3",".427","0.0","0.0",".000","1.0","2.3",".431",".427","0.6","0.9",".640","0.7","2.0","2.7","0.7","0.3","0.2","0.4","1.3","2.6","varejan01"
"358","2015-16","33","CLE","NBA","C","31","0","10.0","1.0","2.5",".421","0.0","0.0",".000","1.0","2.4",".427",".421","0.5","0.7",".762","0.8","2.2","2.9","0.6","0.4","0.2","0.5","1.1","2.6","varejan01"
"359","2015-16","33","GSW","NBA","C","22","0","8.5","1.0","2.2",".438","0.0","0.0","","1.0","2.2",".438",".438","0.7","1.3",".552","0.6","1.7","2.3","0.7","0.2","0.2","0.3","1.6","2.6","varejan01"
"360","2016-17","34","GSW","NBA","C","12","1","6.5","0.3","0.9",".364","0.0","0.0","","0.3","0.9",".364",".364","0.7","0.9",".727","0.9","1.1","2.0","0.8","0.2","0.3","0.6","0.9","1.3","varejan01"
"361","2013-14","21","CHA","NBA","C","82","3","17.3","2.1","4.9",".426","0.0","0.0",".000","2.1","4.9",".427",".426","1.8","2.4",".730","1.4","2.9","4.3","1.1","0.5","0.5","1.1","2.1","6.0","zelleco01"
"362","2014-15","22","CHO","NBA","C","62","45","24.0","2.8","6.0",".461","0.0","0.0","1.000","2.8","6.0",".460",".462","2.0","2.6",".774","1.6","4.3","5.8","1.6","0.5","0.8","1.0","2.5","7.6","zelleco01"
"363","2015-16","23","CHO","NBA","C","73","60","24.3","3.2","6.0",".529","0.0","0.1",".100","3.2","5.8",".539",".530","2.4","3.2",".754","1.9","4.3","6.2","1.0","0.8","0.9","0.9","2.8","8.7","zelleco01"
"364","2016-17","24","CHO","NBA","PF","38","36","26.9","4.2","7.2",".590","0.0","0.0","","4.2","7.2",".590",".590","2.4","3.5",".689","2.3","4.2","6.6","1.4","0.7","1.1","1.2","3.2","10.9","zelleco01"
"365","2012-13","23","CLE","NBA","C","77","55","26.4","3.2","7.3",".438","0.0","0.1",".000","3.2","7.2",".441",".438","1.6","2.0",".764","2.1","3.6","5.7","1.2","0.5","0.9","1.2","3.3","7.9","zellety01"
"366","2013-14","24","CLE","NBA","C","70","9","15.0","2.2","4.1",".538","0.0","0.0",".000","2.2","4.1",".540",".538","1.2","1.7",".719","1.5","2.6","4.0","0.5","0.3","0.5","0.9","2.0","5.7","zellety01"
"367","2014-15","25","BOS","NBA","C","82","59","21.1","4.1","7.5",".549","0.0","0.0","","4.1","7.5",".549",".549","1.9","2.3",".823","1.8","3.9","5.7","1.4","0.2","0.6","0.9","2.5","10.2","zellety01"
"368","2015-16","26","BOS","NBA","C","60","3","11.8","2.3","4.8",".476","0.0","0.0","","2.3","4.8",".476",".476","1.5","1.8",".815","1.0","1.9","3.0","0.5","0.2","0.4","0.8","1.6","6.1","zellety01"
"369","2016-17","27","BOS","NBA","C","29","5","12.4","1.9","4.1",".466","0.0","0.0",".000","1.9","4.0",".470",".466","0.5","0.9",".577","1.1","1.9","3.0","0.9","0.2","0.6","0.4","1.3","4.3","zellety01"
"370","2012-13","19","NOH","NBA","PF","64","60","28.8","5.5","10.6",".516","0.0","0.1",".000","5.5","10.5",".521",".516","2.6","3.5",".751","2.6","5.6","8.2","1.0","1.2","1.8","1.4","2.5","13.5","davisan02"
"371","2013-14","20","NOP","NBA","PF","67","66","35.2","7.8","15.0",".519","0.0","0.1",".222","7.8","14.9",".522",".520","5.2","6.6",".791","3.1","7.0","10.0","1.6","1.3","2.8","1.6","3.0","20.8","davisan02"
"372","2014-15","21","NOP","NBA","PF","68","68","36.1","9.4","17.6",".535","0.0","0.2",".083","9.4","17.5",".540",".536","5.5","6.8",".805","2.5","7.7","10.2","2.2","1.5","2.9","1.4","2.1","24.4","davisan02"
"373","2015-16","22","NOP","NBA","C","61","61","35.5","9.2","18.6",".493","0.6","1.8",".324","8.6","16.9",".511",".508","5.3","7.0",".758","2.1","8.1","10.3","1.9","1.3","2.0","2.0","2.4","24.3","davisan02"
"374","2016-17","23","NOP","NBA","C","45","45","36.0","10.1","20.3",".497","0.5","1.7",".293","9.6","18.6",".516",".509","7.1","9.0",".795","2.4","9.9","12.3","2.2","1.3","2.4","2.6","2.3","27.8","davisan02"
"375","2016-17","21","GSW","NBA","C","2","0","8.0","0.0","0.5",".000","0.0","0.0","","0.0","0.5",".000",".000","0.0","0.0","","0.0","0.5","0.5","0.0","0.5","0.0","1.5","2.0","0.0","jonesda03"
"376","2013-14","23","BRK","NBA","C","70","22","18.2","2.8","4.3",".659","0.0","0.0",".000","2.8","4.3",".666",".659","1.7","2.8",".626","1.4","3.0","4.4","0.9","0.7","0.8","1.1","2.4","7.4","plumlma01"
"377","2014-15","24","BRK","NBA","C","82","45","21.3","3.4","6.0",".573","0.0","0.0",".000","3.4","5.9",".576",".573","1.9","3.9",".495","2.1","4.1","6.2","0.9","0.8","0.8","1.3","2.5","8.7","plumlma01"
"378","2015-16","25","POR","NBA","C","82","82","25.4","3.3","6.3",".516","0.0","0.0",".000","3.3","6.3",".520",".516","2.6","4.1",".642","2.5","5.2","7.7","2.8","0.8","1.0","1.9","3.1","9.1","plumlma01"
"379","2016-17","26","POR","NBA","C","50","50","28.0","4.4","8.3",".531","0.0","0.1",".000","4.4","8.2",".538",".531","2.2","4.1",".552","2.1","5.8","8.0","4.1","1.0","1.2","1.6","2.7","11.1","plumlma01"
"380","2015-16","25","BRK","NBA","C","39","2","10.9","1.9","3.4",".571","0.0","0.0","","1.9","3.4",".571",".571","0.8","1.4",".545","1.3","1.9","3.1","0.3","0.2","0.8","0.4","1.2","4.7","reedwi02"
"381","2016-17","26","MIA","NBA","C","40","5","14.8","2.4","4.0",".600","0.0","0.1",".000","2.4","4.0",".608",".600","0.8","1.4",".564","1.8","3.1","4.9","0.4","0.2","0.8","0.4","1.7","5.6","reedwi02"
"382","2007-08","21","PHI","NBA","PF","76","1","14.6","1.9","4.1",".455","0.1","0.2",".286","1.8","3.9",".463",".461","0.7","1.1",".659","1.0","2.0","3.0","0.3","0.3","0.7","0.6","1.9","4.5","smithja02"
"383","2008-09","22","Did Not Play (injury—knee)",NA,NA,NA,NA,NA,NA,NA,NA,NA,NA,NA,NA,NA,NA,NA,NA,NA,NA,NA,NA,NA,NA,NA,NA,NA,NA,NA,"smithja02"
"384","2009-10","23","PHI","NBA","PF","56","2","11.8","1.3","3.1",".431","0.2","0.5",".345","1.2","2.6",".448",".460","0.5","0.8",".690","1.0","1.4","2.4","0.6","0.4","0.5","0.6","2.0","3.4","smithja02"
"385","2010-11","24","NOH","NBA","C","77","6","14.3","1.8","4.0",".443","0.0","0.0",".000","1.8","4.0",".446",".443","0.8","0.9",".843","1.2","2.0","3.1","0.5","0.3","0.4","0.7","1.9","4.3","smithja02"
"386","2011-12","25","NOH","NBA","PF","40","29","23.7","4.5","8.7",".520","0.0","0.2",".111","4.5","8.5",".531",".522","0.8","1.2",".702","1.8","3.1","4.9","0.9","0.5","1.0","1.0","2.6","9.9","smithja02"
"387","2012-13","26","NOH","NBA","C","51","0","17.2","3.3","6.7",".490","0.0","0.1",".000","3.3","6.6",".496",".490","1.7","2.0",".843","1.3","2.4","3.6","0.7","0.3","0.9","1.1","2.4","8.2","smithja02"
"388","2013-14","27","NOP","NBA","PF","31","27","26.8","4.2","9.1",".465","0.0","0.0","","4.2","9.1",".465",".465","1.3","1.6",".780","1.6","4.2","5.8","0.9","0.4","0.9","0.9","3.2","9.7","smithja02"
"389","2014-15","28","NYK","NBA","C","82","31","21.8","3.1","7.2",".434","0.2","0.5",".357","3.0","6.7",".440",".447","1.5","1.9",".830","1.2","2.8","4.0","1.7","0.4","0.5","1.3","2.5","8.0","smithja02"
"390","2015-16","29","ORL","NBA","C","76","2","15.5","3.2","6.6",".485","0.1","0.2",".250","3.2","6.4",".493",".489","0.7","0.9",".806","0.7","2.2","2.9","0.8","0.4","0.9","0.8","2.1","7.2","smithja02"
"391","2016-17","30","WAS","NBA","C","46","0","12.8","2.0","3.9",".522","0.2","0.3",".438","1.9","3.6",".530",".542","0.4","0.5",".720","0.9","2.1","3.0","0.4","0.3","0.7","0.8","2.4","4.6","smithja02"
"392","2011-12","21","LAC","NBA","C","24","0","5.0","1.0","2.5",".393","0.2","0.5",".308","0.8","2.0",".417",".426","0.2","0.3",".714","0.2","0.8","1.0","0.1","0.1","0.1","0.3","0.4","2.4","thomptr02"
"393","2015-16","23","PHO","NBA","PF","10","0","6.8","1.0","2.4",".417","0.0","0.0","","1.0","2.4",".417",".417","0.9","1.4",".643","1.4","2.4","3.8","0.5","0.4","0.5","0.6","1.5","2.9","willial03"
"394","2016-17","24","PHO","NBA","PF","18","0","6.7","1.2","2.1",".553","0.0","0.0","","1.2","2.1",".553",".553","0.6","1.2",".524","1.4","1.5","2.9","0.1","0.4","0.5","0.5","1.5","2.9","willial03"
"395","2007-08","20","GSW","NBA","PF","38","6","9.9","1.6","2.9",".554","0.0","0.0","","1.6","2.9",".554",".554","0.7","1.1",".675","1.0","1.6","2.6","0.2","0.2","0.6","0.3","0.9","4.0","wrighbr03"
"396","2008-09","21","GSW","NBA","PF","39","23","17.6","3.3","6.3",".528","0.0","0.1",".000","3.3","6.2",".537",".528","1.6","2.2",".741","1.6","2.4","4.0","0.5","0.6","0.9","0.6","1.9","8.3","wrighbr03"
"397","2009-10","22","Did Not Play (injury—shoulder)",NA,NA,NA,NA,NA,NA,NA,NA,NA,NA,NA,NA,NA,NA,NA,NA,NA,NA,NA,NA,NA,NA,NA,NA,NA,NA,NA,"wrighbr03"
"398","2010-11","23","TOT","NBA","PF","37","2","10.2","1.6","3.2",".513","0.0","0.0","","1.6","3.2",".513",".513","0.6","0.8",".677","0.8","1.6","2.4","0.3","0.3","0.5","0.4","0.9","3.8","wrighbr03"
"399","2010-11","23","GSW","NBA","PF","21","1","9.3","1.8","3.0",".603","0.0","0.0","","1.8","3.0",".603",".603","0.3","0.7",".500","0.7","1.3","2.0","0.2","0.1","0.5","0.5","0.9","4.0","wrighbr03"
"400","2010-11","23","NJN","NBA","PF","16","1","11.5","1.4","3.4",".407","0.0","0.0","","1.4","3.4",".407",".407","0.9","1.1",".824","1.1","1.9","3.0","0.4","0.5","0.4","0.3","0.9","3.6","wrighbr03"
"401","2011-12","24","DAL","NBA","C","49","0","16.1","2.9","4.8",".618","0.0","0.0",".000","2.9","4.7",".621",".618","1.1","1.7",".634","1.3","2.3","3.6","0.3","0.4","1.3","0.4","1.2","6.9","wrighbr03"
"402","2012-13","25","DAL","NBA","C","64","16","18.0","3.8","6.3",".597","0.0","0.0",".000","3.8","6.3",".601",".597","0.9","1.5",".615","1.3","2.7","4.1","0.6","0.4","1.2","0.5","1.2","8.5","wrighbr03"
"403","2013-14","26","DAL","NBA","C","58","0","18.6","3.9","5.7",".677","0.0","0.0","","3.9","5.7",".677",".677","1.3","1.8",".726","1.8","2.4","4.2","0.5","0.6","0.9","0.6","1.6","9.1","wrighbr03"
"404","2014-15","27","TOT","NBA","PF","75","7","19.3","3.1","4.8",".642","0.0","0.0",".000","3.1","4.8",".647",".642","1.0","1.5",".696","1.7","2.6","4.3","0.5","0.7","1.3","0.5","1.4","7.3","wrighbr03"
"405","2014-15","27","DAL","NBA","PF","27","0","18.7","3.7","5.0",".748","0.0","0.0","","3.7","5.0",".748",".748","1.3","1.8",".750","1.9","2.2","4.1","0.4","0.6","1.6","0.5","1.6","8.8","wrighbr03"
"406","2014-15","27","BOS","NBA","PF","8","0","10.8","1.5","2.6",".571","0.0","0.0","","1.5","2.6",".571",".571","0.3","0.5",".500","0.9","1.3","2.1","1.0","0.1","0.6","0.6","0.5","3.3","wrighbr03"
"407","2014-15","27","PHO","NBA","PF","40","7","21.5","3.0","5.2",".580","0.0","0.1",".000","3.0","5.1",".588",".580","1.0","1.5",".667","1.8","3.1","4.9","0.6","0.8","1.2","0.4","1.4","7.0","wrighbr03"
"408","2015-16","28","MEM","NBA","PF","12","2","17.7","2.9","4.3",".673","0.0","0.0","","2.9","4.3",".673",".673","1.1","2.0",".542","1.2","2.4","3.6","0.5","0.4","1.3","0.8","1.8","6.9","wrighbr03"
"409","2016-17","29","MEM","NBA","PF","1","0","5.0","3.0","5.0",".600","0.0","0.0","","3.0","5.0",".600",".600","0.0","0.0","","1.0","1.0","2.0","0.0","0.0","0.0","0.0","0.0","6.0","wrighbr03"
